VendorID,tpep_pickup_datetime,tpep_dropoff_datetime,PULocationID,DOLocationID,passenger_count,trip_distance,RatecodeID,store_and_fwd_flag,payment_type,fare_amount,extra,mta_tax,tip_amount,tolls_amount,improvement_surcharge,congestion_surcharge,total_amount
2,2025-03-01T08:00:00Z,2025-03-01T08:12:00Z,142,236,1,3.2,1,N,1,12.50,0.50,0.50,2.00,0.00,0.30,2.75,18.55
2,2025-03-02T09:15:00Z,2025-03-02T09:45:00Z,100,236,3,10.5,99,N,2,35.00,0.00,0.50,0.00,0.00,0.30,2.75,38.55
2,2025-03-03T10:00:00Z,2025-03-03T10:25:00Z,142,236,2,7.5,1,N,1,28.00,0.50,0.50,5.00,0.00,0.30,2.75,40.05
1,2025-03-04T20:30:00Z,2025-03-04T20:50:00Z,130,236,1,5.0,1,N,1,15.00,0.50,0.50,3.00,0.00,0.30,2.75,21.05
6,2025-03-05T07:10:00Z,2025-03-05T07:40:00Z,236,140,2,12.0,2,N,1,28.50,0.50,0.50,6.00,0.00,0.30,2.75,38.55
7,2025-03-06T13:05:00Z,2025-03-06T13:50:00Z,148,236,4,18.0,3,N,1,32.00,0.50,0.50,8.00,0.00,0.30,2.75,44.05
1,2025-03-21T07:47:00Z,2025-03-21T08:08:00Z,237,161,1,1.8,1,N,2,13.50,0.50,0.50,0.00,0.00,0.30,2.75,17.55
2,2025-03-28T00:51:00Z,2025-03-28T01:21:00Z,141,186,1,7.0,1,N,3,35.50,0.00,0.50,0.00,0.00,0.30,2.75,39.05
1,2025-03-20T20:23:30Z,2025-03-20T20:49:30Z,52,246,1,4.9,1,Y,2,25.00,0.50,0.50,0.00,0.00,0.30,2.75,29.05
1,2025-03-20T17:34:45Z,2025-03-20T18:14:45Z,170,29,1,2.9,1,N,2,22.50,0.50,0.50,0.00,0.00,0.30,2.75,26.55
1,2025-03-30T17:09:00Z,2025-03-30T17:51:00Z,186,140,2,3.9,1,N,2,26.00,0.50,0.50,0.00,0.00,0.30,2.75,30.05
1,2025-03-13T16:29:30Z,2025-03-13T17:33:30Z,137,170,1,14.4,3,N,1,87.00,0.50,0.50,19.61,7.00,0.30,2.75,117.66
1,2025-03-10T19:32:30Z,2025-03-10T20:56:30Z,166,141,1,6.6,1,N,3,40.50,0.50,0.50,0.00,0.00,0.30,2.75,44.55
2,2025-03-25T15:08:00Z,2025-03-25T15:32:00Z,103,230,4,3.3,1,N,1,19.00,0.00,0.50,0.00,0.00,0.30,2.75,22.55
2,2025-03-21T05:04:00Z,2025-03-21T07:00:00Z,100,162,1,20.1,1,N,1,89.50,0.00,0.50,25.00,6.94,0.30,2.75,124.99
2,2025-03-04T05:46:00Z,2025-03-04T05:57:00Z,246,142,1,2.4,1,N,1,15.50,1.00,0.50,3.46,0.00,0.30,0.00,20.76
2,2025-03-06T13:30:00Z,2025-03-06T14:03:00Z,233,132,4,4.8,1,N,1,29.50,0.00,0.50,5.95,0.00,0.30,2.75,39.00
1,2025-03-17T21:33:00Z,2025-03-17T21:46:00Z,207,100,1,1.9,1,N,1,12.50,1.00,0.50,3.41,0.00,0.30,2.75,20.46
2,2025-03-08T09:08:45Z,2025-03-08T10:07:45Z,100,38,1,9.9,2,N,2,58.50,0.50,0.50,0.00,0.00,0.30,2.75,62.55
2,2025-03-18T18:39:45Z,2025-03-18T19:17:45Z,136,141,2,5.3,1,N,2,32.50,0.50,0.50,0.00,0.00,0.30,2.75,36.55
1,2025-03-09T20:54:00Z,2025-03-09T21:28:00Z,163,246,1,4.3,1,N,1,29.50,0.50,0.50,6.71,0.00,0.30,2.75,40.26
1,2025-03-19T15:27:00Z,2025-03-19T16:32:00Z,138,141,1,20.2,2,N,3,73.50,0.00,0.50,0.00,6.94,0.30,2.75,83.99
2,2025-03-06T20:01:00Z,2025-03-06T21:26:00Z,163,132,1,19.4,2,N,2,70.50,0.50,0.50,0.00,0.00,0.30,2.75,74.55
6,2025-03-07T12:17:00Z,2025-03-07T12:38:00Z,236,163,1,2.9,1,Y,1,17.00,0.00,0.50,3.70,0.00,0.30,2.75,24.25
2,2025-03-09T04:27:00Z,2025-03-09T05:16:00Z,234,138,2,13.4,1,N,2,63.00,0.00,0.50,0.00,6.94,0.30,2.75,73.49
2,2025-03-18T07:26:45Z,2025-03-18T09:01:45Z,236,161,2,17.2,2,N,1,63.00,0.50,0.50,8.55,6.94,0.30,0.00,79.79
2,2025-03-03T10:42:45Z,2025-03-03T12:07:45Z,140,162,1,20.4,3,N,1,111.00,0.00,0.50,24.30,6.94,0.30,2.75,145.79
1,2025-03-28T18:06:15Z,2025-03-28T18:32:15Z,63,264,2,3.5,1,N,1,21.50,0.50,0.50,4.60,0.00,0.30,2.75,30.15
2,2025-03-30T15:57:00Z,2025-03-30T16:16:00Z,79,162,1,2.9,1,N,1,16.00,0.00,0.50,3.91,0.00,0.30,2.75,23.46
1,2025-03-23T08:26:15Z,2025-03-23T08:48:15Z,132,263,1,4.5,1,N,2,26.00,0.50,0.50,0.00,6.94,0.30,2.75,36.99
1,2025-03-26T16:14:15Z,2025-03-26T17:10:15Z,239,66,1,11.7,1,N,1,54.50,0.50,0.50,8.78,0.00,0.30,2.75,67.33
1,2025-03-15T11:48:15Z,2025-03-15T11:58:15Z,237,180,5,2.8,1,N,2,12.00,0.50,0.50,0.00,0.00,0.30,2.75,16.05
2,2025-03-08T07:42:00Z,2025-03-08T07:57:00Z,130,263,1,2.0,1,N,2,12.50,0.50,0.50,0.00,0.00,0.30,2.75,16.55
2,2025-03-04T18:19:45Z,2025-03-04T18:28:45Z,186,114,1,1.2,5,N,2,21.00,0.50,0.50,0.00,0.00,0.30,2.75,25.05
1,2025-03-14T08:33:45Z,2025-03-14T09:19:45Z,163,162,2,6.8,1,N,1,34.50,0.50,0.50,5.78,0.00,0.30,2.75,44.33
2,2025-03-26T09:17:30Z,2025-03-26T10:02:30Z,48,162,1,7.0,1,N,2,35.00,0.50,0.50,0.00,0.00,0.30,2.75,39.05
1,2025-03-19T12:35:30Z,2025-03-19T12:48:30Z,162,161,6,1.7,1,N,1,11.50,0.00,0.50,3.01,0.00,0.30,2.75,18.06
1,2025-03-20T10:06:00Z,2025-03-20T10:49:00Z,237,132,1,5.3,1,N,1,28.50,1.00,0.50,4.81,7.00,0.30,2.75,44.86
2,2025-03-03T12:04:30Z,2025-03-03T12:47:30Z,61,234,1,6.8,1,N,1,33.50,0.50,0.50,5.22,0.00,0.30,0.00,40.02
2,2025-03-20T05:47:00Z,2025-03-20T06:08:00Z,142,234,1,3.4,1,N,1,20.50,0.00,0.50,4.81,0.00,0.30,2.75,28.86
2,2025-03-26T19:37:45Z,2025-03-26T20:26:45Z,140,239,1,8.6,1,N,1,39.00,0.50,0.50,6.46,0.00,0.30,2.75,49.51
1,2025-03-18T14:05:30Z,2025-03-18T14:43:30Z,11,138,1,5.5,1,N,1,27.00,1.00,0.50,9.62,6.94,0.30,2.75,48.11
2,2025-03-16T11:21:00Z,2025-03-16T11:40:00Z,19,170,3,2.8,1,N,1,15.50,0.50,0.50,0.00,0.00,0.30,2.75,19.55
2,2025-03-17T12:48:15Z,2025-03-17T13:05:15Z,132,236,2,2.7,1,N,1,15.50,1.00,0.50,4.01,0.00,0.30,2.75,24.06
2,2025-03-16T21:18:30Z,2025-03-16T22:03:30Z,161,261,1,5.3,1,N,1,31.50,0.50,0.50,0.00,0.00,0.30,2.75,35.55
6,2025-03-24T10:37:30Z,2025-03-24T10:50:30Z,68,170,1,2.4,1,N,1,13.00,1.00,0.50,4.39,0.00,0.30,2.75,21.94
6,2025-03-26T19:09:15Z,2025-03-26T21:22:15Z,52,246,1,13.6,4,N,1,84.00,0.50,0.50,18.45,6.94,0.30,0.00,110.69
1,2025-03-16T20:02:30Z,2025-03-16T20:55:30Z,141,132,1,17.7,2,N,4,70.50,0.50,0.50,0.00,0.00,0.30,2.75,74.55
2,2025-03-05T09:26:30Z,2025-03-05T09:48:30Z,48,74,1,1.7,1,N,1,12.50,0.50,0.50,0.00,0.00,0.30,2.75,16.55
2,2025-03-31T11:37:00Z,2025-03-31T11:54:00Z,48,230,1,4.7,1,N,2,25.00,0.00,0.50,0.00,0.00,0.30,2.75,28.55
2,2025-03-22T18:03:30Z,2025-03-22T19:22:30Z,162,107,3,18.7,2,N,2,66.50,0.50,0.50,0.00,6.94,0.30,2.75,77.49
1,2025-03-02T16:46:00Z,2025-03-02T17:24:00Z,186,163,1,6.3,1,N,1,32.50,0.50,0.50,9.14,0.00,0.30,2.75,45.69
2,2025-03-05T18:14:45Z,2025-03-05T20:06:45Z,236,141,5,17.4,4,N,2,89.50,0.50,0.50,0.00,0.00,0.30,2.75,93.55
1,2025-03-29T21:20:30Z,2025-03-29T21:46:30Z,140,237,1,2.5,1,N,2,15.50,0.00,0.50,0.00,0.00,0.30,2.75,19.05
2,2025-03-31T15:37:45Z,2025-03-31T15:54:45Z,144,186,3,2.2,1,N,2,15.00,1.00,0.50,0.00,0.00,0.30,2.75,19.55
2,2025-03-02T12:12:00Z,2025-03-02T12:30:00Z,26,162,2,4.5,1,N,1,24.00,0.00,0.50,6.89,0.00,0.30,2.75,34.44
1,2025-03-05T15:51:00Z,2025-03-05T16:05:00Z,236,237,3,1.9,1,N,1,12.00,0.00,0.50,2.33,0.00,0.30,2.75,17.88
2,2025-03-20T04:50:45Z,2025-03-20T05:43:45Z,138,132,1,8.9,4,N,1,62.00,0.00,0.50,11.30,0.00,0.30,0.00,74.10
1,2025-03-20T13:50:45Z,2025-03-20T14:54:45Z,162,246,2,12.4,2,N,1,74.00,0.00,0.50,9.31,0.00,0.30,2.75,86.86
2,2025-03-14T06:47:00Z,2025-03-14T07:09:00Z,186,217,1,2.6,1,N,1,14.00,0.50,0.50,2.71,0.00,0.30,2.75,20.76
2,2025-03-25T09:14:15Z,2025-03-25T09:35:15Z,138,137,5,1.9,1,N,1,12.00,0.50,0.50,3.21,0.00,0.30,2.75,19.26
2,2025-03-01T06:33:00Z,2025-03-01T06:42:00Z,44,80,1,1.4,1,N,1,10.00,0.50,0.50,2.03,0.00,0.30,0.00,13.33
1,2025-03-09T08:32:00Z,2025-03-09T09:27:00Z,162,107,1,5.8,1,N,1,32.00,0.50,0.50,6.49,0.00,0.30,2.75,42.54
2,2025-03-22T19:04:15Z,2025-03-22T19:48:15Z,100,114,1,3.5,1,N,2,28.00,0.50,0.50,0.00,0.00,0.30,0.00,29.30
2,2025-03-03T13:06:00Z,2025-03-03T13:45:00Z,263,79,1,5.3,1,N,2,31.50,0.00,0.50,0.00,0.00,0.30,2.75,35.05
2,2025-03-04T07:12:00Z,2025-03-04T07:32:00Z,263,100,2,1.8,1,N,1,15.00,0.50,0.50,0.00,0.00,0.30,2.75,19.05
2,2025-03-15T17:50:00Z,2025-03-15T18:31:00Z,164,142,1,5.0,1,N,1,30.50,0.50,0.50,6.22,0.00,0.30,2.75,40.77
6,2025-03-11T16:32:00Z,2025-03-11T17:09:00Z,114,162,1,4.1,1,Y,2,27.50,0.50,0.50,0.00,0.00,0.30,2.75,31.55
1,2025-03-21T17:04:00Z,2025-03-21T17:18:00Z,77,100,2,2.1,1,N,2,12.00,0.50,0.50,0.00,0.00,0.30,2.75,16.05
2,2025-03-11T19:42:45Z,2025-03-11T19:58:45Z,186,164,2,2.5,1,N,1,12.00,0.50,0.50,1.93,0.00,0.30,2.75,17.98
1,2025-03-25T15:47:30Z,2025-03-25T16:04:30Z,132,264,1,1.7,1,N,1,13.50,0.50,0.50,4.39,0.00,0.30,2.75,21.94
2,2025-03-26T14:53:00Z,2025-03-26T15:11:00Z,79,239,4,2.3,5,N,1,20.50,0.50,0.50,3.68,0.00,0.30,2.75,28.23
1,2025-03-25T07:28:30Z,2025-03-25T10:01:30Z,236,230,1,21.9,3,N,1,134.50,0.50,0.50,17.46,6.94,0.30,2.75,162.95
2,2025-03-10T21:30:45Z,2025-03-10T21:42:45Z,161,217,2,2.1,1,N,1,13.00,0.00,0.50,3.31,0.00,0.30,2.75,19.86
2,2025-03-20T15:40:30Z,2025-03-20T15:58:30Z,239,142,2,4.0,1,N,1,21.00,0.00,0.50,0.00,0.00,0.30,2.75,24.55
1,2025-03-13T23:16:45Z,2025-03-13T23:23:45Z,130,140,2,1.3,1,N,2,9.00,0.00,0.50,0.00,0.00,0.30,2.75,12.55
1,2025-03-26T07:45:15Z,2025-03-26T08:02:15Z,230,243,1,1.3,1,N,2,11.50,0.50,0.50,0.00,0.00,0.30,2.75,15.55
2,2025-03-12T13:25:45Z,2025-03-12T13:36:45Z,264,234,5,1.2,1,N,1,8.00,0.00,0.50,2.08,0.00,0.30,2.75,13.63
2,2025-03-14T08:28:00Z,2025-03-14T09:28:00Z,264,39,2,15.2,2,N,1,71.50,0.50,0.50,9.07,0.00,0.30,2.75,84.62
2,2025-03-08T18:23:00Z,2025-03-08T18:44:00Z,263,140,1,4.1,1,N,1,22.00,0.50,0.50,4.69,0.00,0.30,2.75,30.74
1,2025-03-09T18:45:15Z,2025-03-09T19:13:15Z,142,132,1,3.6,1,N,4,18.00,0.50,0.50,0.00,7.00,0.30,2.75,29.05
2,2025-03-28T07:45:45Z,2025-03-28T08:12:45Z,264,186,2,4.2,1,N,1,19.50,0.50,0.50,4.16,0.00,0.30,0.00,24.96
1,2025-03-17T13:26:30Z,2025-03-17T13:40:30Z,263,100,5,1.7,1,N,1,10.00,0.00,0.50,2.03,0.00,0.30,2.75,15.58
1,2025-03-31T15:18:00Z,2025-03-31T15:55:00Z,79,100,1,7.3,1,N,1,37.50,0.00,0.50,7.39,0.00,0.30,2.75,48.44
2,2025-03-19T09:13:30Z,2025-03-19T10:02:30Z,248,264,1,5.2,1,N,1,28.00,0.50,0.50,4.81,0.00,0.30,2.75,36.86
6,2025-03-23T10:55:00Z,2025-03-23T11:12:00Z,163,140,1,2.0,1,N,1,14.00,0.00,0.50,3.16,0.00,0.30,2.75,20.71
6,2025-03-11T08:10:15Z,2025-03-11T09:26:15Z,246,111,1,11.9,2,N,1,58.50,0.50,0.50,7.51,0.00,0.30,2.75,70.06
2,2025-03-05T20:46:00Z,2025-03-05T21:10:00Z,142,246,1,5.8,1,N,1,26.00,0.50,0.50,6.01,0.00,0.30,2.75,36.06
1,2025-03-11T16:23:00Z,2025-03-11T17:00:00Z,48,140,1,4.9,1,N,1,32.00,0.50,0.50,5.41,0.00,0.30,2.75,41.46
2,2025-03-27T15:31:45Z,2025-03-27T16:18:45Z,164,130,1,11.8,1,N,1,57.50,0.00,0.50,0.00,0.00,0.30,2.75,61.05
2,2025-03-16T08:40:45Z,2025-03-16T09:03:45Z,57,246,3,3.0,1,N,1,21.50,0.50,0.50,0.00,0.00,0.30,2.75,25.55
6,2025-03-05T15:35:00Z,2025-03-05T16:22:00Z,68,263,1,13.9,1,N,3,61.00,0.00,0.50,0.00,7.00,0.30,2.75,71.55
2,2025-03-10T18:45:00Z,2025-03-10T19:31:00Z,164,138,1,6.1,1,N,1,26.00,0.50,0.50,5.46,0.00,0.30,0.00,32.76
1,2025-03-21T09:30:00Z,2025-03-21T12:25:00Z,100,237,1,16.9,2,N,1,54.50,0.50,0.50,10.54,0.00,0.30,2.75,69.09
2,2025-03-30T07:41:15Z,2025-03-30T09:17:15Z,46,162,1,21.1,4,N,1,106.50,0.50,0.50,21.65,12.50,0.30,0.00,141.95
2,2025-03-16T08:47:00Z,2025-03-16T09:11:00Z,114,48,1,3.9,1,Y,1,22.50,0.50,0.50,3.98,0.00,0.30,2.75,30.53
1,2025-03-10T16:48:00Z,2025-03-10T17:40:00Z,138,140,3,8.1,2,N,2,59.50,0.50,0.50,0.00,0.00,0.30,2.75,63.55
1,2025-03-09T17:44:00Z,2025-03-09T18:21:00Z,160,114,1,7.5,1,N,1,33.50,0.50,0.50,6.76,0.00,0.30,2.75,44.31
2,2025-03-18T21:48:30Z,2025-03-18T22:02:30Z,79,132,2,0.6,1,N,1,8.00,0.00,0.50,3.34,7.00,0.30,2.75,21.89
1,2025-03-22T08:37:15Z,2025-03-22T10:16:15Z,237,138,1,13.3,1,N,1,60.50,0.50,0.50,16.14,0.00,0.30,2.75,80.69
1,2025-03-30T20:59:15Z,2025-03-30T21:10:15Z,234,230,1,1.9,1,N,2,13.50,0.50,0.50,0.00,0.00,0.30,2.75,17.55
2,2025-03-28T11:11:30Z,2025-03-28T11:35:30Z,238,68,1,3.4,5,N,2,22.50,0.50,0.50,0.00,0.00,0.30,2.75,26.55
2,2025-03-02T19:26:30Z,2025-03-02T19:50:30Z,107,237,3,3.3,1,N,1,20.00,0.50,0.50,3.83,0.00,0.30,0.00,25.13
1,2025-03-19T16:43:00Z,2025-03-19T17:30:00Z,68,90,3,4.9,5,N,1,45.50,0.50,0.50,8.92,0.00,0.30,2.75,58.47
2,2025-03-05T10:11:30Z,2025-03-05T10:29:30Z,212,69,3,3.3,1,N,1,17.00,0.00,0.50,3.56,0.00,0.30,0.00,21.36
2,2025-03-02T09:43:30Z,2025-03-02T10:07:30Z,48,170,3,2.6,1,N,2,19.50,0.50,0.50,0.00,0.00,0.30,2.75,23.55
2,2025-03-13T21:35:00Z,2025-03-13T22:18:00Z,48,264,1,10.6,1,N,1,43.50,0.00,0.50,5.65,0.00,0.30,2.75,52.70
2,2025-03-09T15:37:30Z,2025-03-09T15:53:30Z,68,138,1,1.8,1,N,1,13.00,0.50,0.50,3.07,0.00,0.30,2.75,20.12
6,2025-03-06T21:34:45Z,2025-03-06T21:51:45Z,236,114,1,1.4,1,N,1,11.50,0.00,0.50,2.71,0.00,0.30,2.75,17.76
2,2025-03-16T01:34:30Z,2025-03-16T02:36:30Z,132,264,1,10.3,1,N,1,45.00,0.50,0.50,11.08,12.50,0.30,2.75,72.63
2,2025-03-08T23:14:00Z,2025-03-08T23:31:00Z,230,48,3,1.9,1,N,2,14.50,0.00,0.50,0.00,0.00,0.30,2.75,18.05
2,2025-03-02T08:57:45Z,2025-03-02T09:23:45Z,17,170,1,2.3,1,N,1,16.00,0.50,0.50,4.01,0.00,0.30,2.75,24.06
6,2025-03-23T18:32:45Z,2025-03-23T18:48:45Z,107,263,1,2.3,1,N,2,14.00,0.50,0.50,0.00,0.00,0.30,2.75,18.05
1,2025-03-19T17:05:30Z,2025-03-19T17:26:30Z,140,170,1,3.3,1,N,1,15.00,0.50,0.50,3.43,0.00,0.30,2.75,22.48
2,2025-03-17T13:01:00Z,2025-03-17T13:18:00Z,230,130,1,2.1,1,N,1,12.00,0.00,0.50,2.80,0.00,0.30,2.75,18.35
2,2025-03-03T12:15:45Z,2025-03-03T12:55:45Z,171,195,1,6.4,1,N,1,39.50,0.00,0.50,6.04,0.00,0.30,0.00,46.34
1,2025-03-31T17:30:00Z,2025-03-31T18:39:00Z,125,163,1,6.9,1,N,2,44.00,0.50,0.50,0.00,0.00,0.30,2.75,48.05
2,2025-03-31T18:45:00Z,2025-03-31T19:02:00Z,48,164,1,1.7,1,N,2,13.50,0.50,0.50,0.00,0.00,0.30,2.75,17.55
2,2025-03-17T21:55:45Z,2025-03-18T00:05:45Z,142,162,1,17.1,4,N,1,104.50,0.00,0.50,21.70,12.50,0.30,2.75,142.25
2,2025-03-01T06:14:30Z,2025-03-01T06:27:30Z,138,79,1,3.8,1,N,1,20.00,0.50,0.50,4.81,0.00,0.30,2.75,28.86
2,2025-03-17T14:30:00Z,2025-03-17T15:00:00Z,170,138,2,6.7,1,N,1,30.00,0.50,0.50,6.13,0.00,0.30,2.75,40.18
2,2025-03-13T02:39:00Z,2025-03-13T03:19:00Z,264,141,1,7.9,1,N,1,34.50,0.00,0.50,5.29,0.00,0.30,0.00,40.59
1,2025-03-13T16:37:00Z,2025-03-13T16:59:00Z,107,138,3,3.0,1,N,2,15.50,0.50,0.50,0.00,6.94,0.30,2.75,26.49
2,2025-03-23T21:59:00Z,2025-03-23T22:52:00Z,186,249,1,11.0,1,N,1,52.00,0.00,0.50,0.00,0.00,0.30,2.75,55.55
1,2025-03-25T08:02:00Z,2025-03-25T08:20:00Z,79,141,1,2.2,1,N,1,14.50,0.50,0.50,3.34,0.00,0.30,2.75,21.89
1,2025-03-24T19:48:00Z,2025-03-24T20:07:00Z,141,162,6,1.1,1,N,1,11.50,0.50,0.50,3.11,0.00,0.30,2.75,18.66
1,2025-03-26T05:22:30Z,2025-03-26T05:48:30Z,79,49,1,3.5,1,N,1,19.00,0.00,0.50,3.38,0.00,0.30,2.75,25.93
2,2025-03-27T17:31:00Z,2025-03-27T18:36:00Z,48,130,1,12.1,1,N,1,48.00,0.50,0.50,9.37,0.00,0.30,2.75,61.42
1,2025-03-07T14:20:00Z,2025-03-07T15:13:00Z,237,114,1,6.9,1,N,1,31.50,1.00,0.50,7.21,0.00,0.30,2.75,43.26
2,2025-03-05T20:19:00Z,2025-03-05T20:45:00Z,114,230,3,6.4,1,N,1,23.50,0.50,0.50,0.00,0.00,0.30,2.75,27.55
1,2025-03-19T08:43:15Z,2025-03-19T09:05:15Z,142,141,2,1.9,1,N,4,16.00,0.50,0.50,0.00,0.00,0.30,2.75,20.05
2,2025-03-03T15:00:30Z,2025-03-03T15:46:30Z,138,161,1,7.7,1,N,1,33.00,0.00,0.50,6.58,0.00,0.30,2.75,43.13
2,2025-03-20T10:44:00Z,2025-03-20T11:07:00Z,164,264,2,3.8,1,N,1,22.50,1.00,0.50,2.92,0.00,0.30,0.00,27.22
2,2025-03-28T19:26:00Z,2025-03-28T19:52:00Z,236,237,1,3.3,1,N,4,20.00,0.50,0.50,0.00,0.00,0.30,2.75,24.05
2,2025-03-05T09:19:00Z,2025-03-05T09:32:00Z,114,142,1,2.6,1,N,1,14.50,0.50,0.50,0.00,0.00,0.30,2.75,18.55
1,2025-03-22T18:47:00Z,2025-03-22T19:05:00Z,264,133,2,2.5,1,N,1,14.50,0.50,0.50,2.78,0.00,0.30,2.75,21.33
1,2025-03-03T09:36:45Z,2025-03-03T10:01:45Z,163,100,1,4.8,1,N,1,18.50,0.50,0.50,4.51,0.00,0.30,2.75,27.06
2,2025-03-06T21:54:00Z,2025-03-06T22:10:00Z,130,142,4,4.2,1,N,1,18.50,0.00,0.50,4.41,0.00,0.30,2.75,26.46
1,2025-03-28T10:54:00Z,2025-03-28T11:12:00Z,107,186,1,4.7,1,N,1,25.00,0.00,0.50,5.14,0.00,0.30,2.75,33.69
2,2025-03-08T15:40:45Z,2025-03-08T15:44:45Z,141,162,5,0.4,1,N,1,4.50,0.00,0.50,1.45,0.00,0.30,2.75,9.50
2,2025-03-29T12:47:00Z,2025-03-29T12:55:00Z,138,122,1,0.8,1,N,1,7.50,0.00,0.50,2.17,7.00,0.30,2.75,20.22
1,2025-03-25T16:09:00Z,2025-03-25T16:23:00Z,164,141,1,1.8,1,N,1,12.00,0.50,0.50,2.39,0.00,0.30,0.00,15.69
1,2025-03-02T17:16:00Z,2025-03-02T18:01:00Z,264,141,1,6.9,1,N,2,36.00,0.50,0.50,0.00,0.00,0.30,2.75,40.05
2,2025-03-03T08:41:15Z,2025-03-03T09:03:15Z,26,100,1,2.9,1,N,2,18.50,0.50,0.50,0.00,0.00,0.30,2.75,22.55
2,2025-03-15T20:02:30Z,2025-03-15T20:25:30Z,163,234,1,4.2,1,N,1,25.50,0.50,0.50,5.32,0.00,0.30,2.75,34.87
1,2025-03-16T11:36:30Z,2025-03-16T11:59:30Z,163,48,1,4.4,1,N,1,20.50,0.00,0.50,4.81,0.00,0.30,2.75,28.86
2,2025-03-02T18:14:30Z,2025-03-02T19:29:30Z,100,130,2,12.1,1,N,2,64.50,0.50,0.50,0.00,0.00,0.30,2.75,68.55
1,2025-03-03T05:38:00Z,2025-03-03T06:16:00Z,239,166,1,5.0,1,N,1,23.50,0.50,0.50,4.96,0.00,0.30,2.75,32.51
2,2025-03-11T10:08:00Z,2025-03-11T10:33:00Z,68,107,1,5.8,1,N,1,26.50,0.00,0.50,7.51,0.00,0.30,2.75,37.56
1,2025-03-31T16:54:30Z,2025-03-31T18:15:30Z,48,130,1,12.5,2,N,3,67.50,0.50,0.50,0.00,0.00,0.30,2.75,71.55
1,2025-03-01T09:15:45Z,2025-03-01T10:18:45Z,239,253,1,7.4,1,N,1,45.50,0.50,0.50,8.92,0.00,0.30,2.75,58.47
1,2025-03-26T19:18:00Z,2025-03-26T19:37:00Z,68,48,5,3.1,1,N,1,18.50,0.50,0.50,4.06,0.00,0.30,2.75,26.61
1,2025-03-30T18:16:45Z,2025-03-30T18:28:45Z,186,142,1,2.0,1,N,1,10.50,0.50,0.50,2.91,0.00,0.30,2.75,17.46
2,2025-03-10T19:30:15Z,2025-03-10T19:51:15Z,239,163,1,3.5,1,N,1,18.00,0.50,0.50,4.41,0.00,0.30,2.75,26.46
2,2025-03-14T22:37:00Z,2025-03-14T22:56:00Z,244,162,3,3.7,1,N,1,20.50,0.50,0.50,4.42,0.00,0.30,2.75,28.97
2,2025-03-04T22:28:00Z,2025-03-04T22:44:00Z,138,114,1,1.5,1,N,1,11.00,0.00,0.50,3.88,7.00,0.30,2.75,25.43
2,2025-03-30T20:50:45Z,2025-03-30T22:07:45Z,263,52,1,11.4,1,N,1,55.00,0.50,0.50,10.63,0.00,0.30,2.75,69.68
1,2025-03-16T16:30:00Z,2025-03-16T17:25:00Z,170,237,1,6.4,1,N,1,37.00,0.50,0.50,10.26,0.00,0.30,2.75,51.31
2,2025-03-15T18:20:00Z,2025-03-15T19:30:00Z,48,186,1,8.1,1,N,1,46.50,0.50,0.50,0.00,0.00,0.30,2.75,50.55
1,2025-03-07T20:12:00Z,2025-03-07T21:25:00Z,259,141,1,14.8,2,N,1,63.00,0.50,0.50,13.41,0.00,0.30,2.75,80.46
1,2025-03-09T18:44:00Z,2025-03-09T19:23:00Z,116,163,1,5.5,1,N,1,26.50,0.50,0.50,6.11,0.00,0.30,2.75,36.66
2,2025-03-08T09:51:00Z,2025-03-08T10:17:00Z,161,138,2,4.1,1,N,2,26.50,0.50,0.50,0.00,0.00,0.30,2.75,30.55
1,2025-03-10T10:06:15Z,2025-03-10T10:43:15Z,114,140,6,4.0,1,N,2,25.50,0.00,0.50,0.00,0.00,0.30,2.75,29.05
2,2025-03-01T17:18:00Z,2025-03-01T18:08:00Z,170,162,1,6.9,1,Y,1,31.50,0.50,0.50,6.40,0.00,0.30,2.75,41.95
1,2025-03-10T06:08:45Z,2025-03-10T06:31:45Z,142,162,2,5.7,1,N,1,23.50,0.50,0.50,4.96,0.00,0.30,2.75,32.51
1,2025-03-28T17:37:30Z,2025-03-28T18:02:30Z,237,78,3,2.3,1,N,2,15.00,0.50,0.50,0.00,0.00,0.30,2.75,19.05
6,2025-03-25T06:21:45Z,2025-03-25T08:07:45Z,100,48,1,16.3,1,N,1,76.00,0.50,0.50,14.41,0.00,0.30,2.75,94.46
2,2025-03-24T12:00:00Z,2025-03-24T12:26:00Z,186,141,1,2.8,1,N,1,16.00,0.50,0.50,3.01,0.00,0.30,2.75,23.06
6,2025-03-29T17:08:00Z,2025-03-29T17:32:00Z,236,130,1,1.3,1,N,1,13.50,0.50,0.50,3.16,0.00,0.30,2.75,20.71
2,2025-03-20T23:42:00Z,2025-03-21T00:24:00Z,48,161,1,7.0,1,N,1,34.50,0.00,0.50,7.61,0.00,0.30,2.75,45.66
1,2025-03-04T15:39:00Z,2025-03-04T15:55:00Z,104,234,2,3.0,1,N,1,17.50,0.00,0.50,4.21,0.00,0.30,2.75,25.26
2,2025-03-27T16:31:00Z,2025-03-27T16:59:00Z,246,152,2,2.9,1,N,2,19.50,0.50,0.50,0.00,0.00,0.30,2.75,23.55
1,2025-03-04T06:48:00Z,2025-03-04T07:13:00Z,138,48,1,3.1,1,N,1,20.00,0.50,0.50,4.33,0.00,0.30,2.75,28.38
2,2025-03-29T19:07:00Z,2025-03-29T21:37:00Z,264,246,1,13.0,3,N,1,91.00,0.50,0.50,12.25,7.00,0.30,2.75,114.30
2,2025-03-14T13:04:00Z,2025-03-14T13:25:00Z,162,174,1,4.1,1,N,1,22.00,0.00,0.50,3.07,0.00,0.30,2.75,28.62
1,2025-03-27T16:39:00Z,2025-03-27T17:03:00Z,263,162,4,3.0,1,N,1,17.50,0.50,0.50,3.88,0.00,0.30,2.75,25.43
1,2025-03-03T20:28:00Z,2025-03-03T21:10:00Z,236,156,1,10.4,1,N,1,46.00,0.50,0.50,10.01,0.00,0.30,2.75,60.06
2,2025-03-11T16:39:30Z,2025-03-11T17:25:30Z,170,114,2,8.0,1,N,1,32.00,0.50,0.50,7.21,0.00,0.30,2.75,43.26
1,2025-03-04T09:12:00Z,2025-03-04T10:04:00Z,263,114,3,9.6,1,N,2,47.00,0.50,0.50,0.00,0.00,0.30,2.75,51.05
2,2025-03-17T18:35:15Z,2025-03-17T18:54:15Z,130,141,1,2.8,1,N,2,19.50,0.50,0.50,0.00,0.00,0.30,2.75,23.55
2,2025-03-09T12:21:00Z,2025-03-09T12:42:00Z,132,170,1,4.6,1,N,1,22.00,1.00,0.50,7.03,12.50,0.30,2.75,46.08
2,2025-03-23T17:45:00Z,2025-03-23T19:10:00Z,68,234,1,7.9,1,N,2,49.50,0.50,0.50,0.00,0.00,0.30,2.75,53.55
2,2025-03-10T17:09:00Z,2025-03-10T18:18:00Z,138,162,1,7.1,1,N,1,42.00,0.50,0.50,10.82,0.00,0.30,0.00,54.12
1,2025-03-22T10:35:00Z,2025-03-22T10:56:00Z,189,68,1,5.4,1,N,2,26.50,0.00,0.50,0.00,0.00,0.30,0.00,27.30
2,2025-03-24T15:24:00Z,2025-03-24T15:50:00Z,132,21,1,2.2,1,N,1,17.50,0.00,0.50,4.21,0.00,0.30,2.75,25.26
1,2025-03-11T15:11:30Z,2025-03-11T15:28:30Z,161,170,1,3.2,1,N,1,20.00,1.00,0.50,4.42,0.00,0.30,2.75,28.97
2,2025-03-15T09:41:30Z,2025-03-15T10:11:30Z,141,68,1,4.2,1,N,2,23.00,0.50,0.50,0.00,0.00,0.30,2.75,27.05
2,2025-03-03T22:10:30Z,2025-03-03T22:36:30Z,141,132,1,2.6,1,N,1,17.00,0.00,0.50,3.08,0.00,0.30,2.75,23.63
2,2025-03-03T16:14:00Z,2025-03-03T16:44:00Z,236,107,1,2.8,1,N,1,21.00,0.50,0.50,5.01,0.00,0.30,2.75,30.06
1,2025-03-01T14:34:00Z,2025-03-01T15:25:00Z,138,192,1,6.3,1,N,1,34.50,0.00,0.50,9.00,6.94,0.30,2.75,53.99
1,2025-03-07T13:41:30Z,2025-03-07T14:01:30Z,100,237,1,4.6,1,N,1,20.50,1.00,0.50,4.51,0.00,0.30,2.75,29.56
2,2025-03-08T06:39:00Z,2025-03-08T07:03:00Z,100,264,1,2.7,1,N,1,17.50,0.50,0.50,4.31,0.00,0.30,2.75,25.86
2,2025-03-05T17:21:15Z,2025-03-05T18:02:15Z,163,72,1,6.6,1,N,1,39.50,0.50,0.50,8.71,0.00,0.30,2.75,52.26
2,2025-03-19T12:37:00Z,2025-03-19T13:31:00Z,186,263,1,7.8,1,N,4,34.50,0.00,0.50,0.00,0.00,0.30,2.75,38.05
1,2025-03-31T19:39:45Z,2025-03-31T20:25:45Z,140,48,1,5.6,1,N,1,34.50,0.50,0.50,7.71,0.00,0.30,2.75,46.26
1,2025-03-29T04:41:00Z,2025-03-29T04:51:00Z,100,114,5,2.8,1,N,1,14.00,0.00,0.50,3.51,0.00,0.30,2.75,21.06
1,2025-03-12T14:30:30Z,2025-03-12T15:01:30Z,140,186,3,7.2,1,N,1,28.50,0.00,0.50,5.77,0.00,0.30,2.75,37.82
1,2025-03-21T19:01:00Z,2025-03-21T19:29:00Z,237,239,1,4.0,1,N,1,25.00,0.50,0.50,3.94,0.00,0.30,0.00,30.24
1,2025-03-20T23:55:15Z,2025-03-21T00:26:15Z,138,239,3,5.6,1,N,2,25.00,0.00,0.50,0.00,7.00,0.30,2.75,35.55
2,2025-03-17T17:52:00Z,2025-03-17T22:19:00Z,263,48,1,23.7,2,N,1,62.00,0.50,0.50,14.61,7.00,0.30,2.75,87.66
2,2025-03-14T08:51:15Z,2025-03-14T09:13:15Z,141,163,1,3.7,1,N,2,18.00,0.50,0.50,0.00,0.00,0.30,2.75,22.05
2,2025-03-26T00:33:00Z,2025-03-26T00:49:00Z,234,163,1,2.2,1,N,2,15.00,0.00,0.50,0.00,0.00,0.30,2.75,18.55
2,2025-03-18T14:23:30Z,2025-03-18T14:45:30Z,138,162,1,3.2,1,N,1,17.00,0.00,0.50,3.30,6.94,0.30,2.75,30.79
2,2025-03-31T17:51:00Z,2025-03-31T18:43:00Z,107,230,1,8.6,1,N,1,40.00,0.50,0.50,7.93,0.00,0.30,2.75,51.98
1,2025-03-01T08:42:30Z,2025-03-01T09:06:30Z,237,114,1,2.9,1,N,1,14.50,0.50,0.50,3.71,0.00,0.30,2.75,22.26
1,2025-03-30T16:22:00Z,2025-03-30T17:00:00Z,79,142,5,3.9,1,N,1,27.00,0.50,0.50,5.59,0.00,0.30,2.75,36.64
2,2025-03-13T16:49:00Z,2025-03-13T17:36:00Z,141,230,5,5.0,1,N,1,30.00,0.50,0.50,4.09,0.00,0.30,2.75,38.14
2,2025-03-22T18:21:00Z,2025-03-22T18:49:00Z,130,161,1,3.9,1,N,1,19.00,0.50,0.50,2.77,0.00,0.30,2.75,25.82
6,2025-03-04T07:05:45Z,2025-03-04T07:51:45Z,191,48,1,4.3,1,N,2,29.50,0.50,0.50,0.00,0.00,0.30,2.75,33.55
1,2025-03-17T19:30:30Z,2025-03-17T20:00:30Z,79,132,1,3.3,1,N,2,18.00,0.50,0.50,0.00,0.00,0.30,0.00,19.30
2,2025-03-06T14:13:15Z,2025-03-06T15:15:15Z,100,141,1,13.6,1,N,1,58.50,0.50,0.50,11.26,0.00,0.30,2.75,73.81
2,2025-03-05T23:54:45Z,2025-03-06T00:14:45Z,230,239,2,3.6,1,N,1,18.50,1.00,0.50,0.00,0.00,0.30,2.75,23.05
1,2025-03-04T11:43:30Z,2025-03-04T11:57:30Z,138,263,1,3.2,1,N,1,15.50,0.00,0.50,3.81,0.00,0.30,2.75,22.86
1,2025-03-03T06:21:00Z,2025-03-03T07:16:00Z,186,79,2,9.4,1,N,1,50.00,0.50,0.50,10.26,0.00,0.30,0.00,61.56
1,2025-03-03T08:25:00Z,2025-03-03T08:34:00Z,142,107,4,1.3,1,N,1,9.00,0.50,0.50,2.61,0.00,0.30,2.75,15.66
2,2025-03-01T03:22:00Z,2025-03-01T04:33:00Z,132,100,1,16.9,2,N,2,66.50,0.00,0.50,0.00,0.00,0.30,2.75,70.05
2,2025-03-26T06:19:00Z,2025-03-26T06:42:00Z,164,236,1,5.8,1,N,1,30.00,0.50,0.50,6.81,0.00,0.30,2.75,40.86
2,2025-03-18T12:26:30Z,2025-03-18T12:50:30Z,142,162,1,4.2,1,N,1,21.50,0.00,0.50,3.76,0.00,0.30,2.75,28.81
2,2025-03-03T08:18:00Z,2025-03-03T08:49:00Z,237,12,1,2.6,1,N,1,15.50,0.50,0.50,2.93,0.00,0.30,2.75,22.48
2,2025-03-10T19:31:00Z,2025-03-10T20:02:00Z,263,68,2,3.7,1,N,2,22.00,0.50,0.50,0.00,0.00,0.30,2.75,26.05
6,2025-03-25T22:15:45Z,2025-03-25T22:58:45Z,230,164,1,10.5,1,N,1,44.00,0.00,0.50,8.56,0.00,0.30,2.75,56.11
1,2025-03-04T09:27:00Z,2025-03-04T09:57:00Z,244,140,2,3.3,1,N,1,25.50,0.50,0.50,0.00,0.00,0.30,2.75,29.55
1,2025-03-21T07:34:00Z,2025-03-21T08:31:00Z,246,236,1,5.4,5,N,2,39.00,0.50,0.50,0.00,0.00,0.30,2.75,43.05
1,2025-03-07T16:34:00Z,2025-03-07T17:33:00Z,79,164,1,8.4,1,N,1,50.50,0.50,0.50,8.18,0.00,0.30,2.75,62.73
2,2025-03-20T09:46:00Z,2025-03-20T10:15:00Z,107,234,1,4.6,1,N,1,24.00,0.50,0.50,5.05,0.00,0.30,2.75,33.10
2,2025-03-04T03:41:15Z,2025-03-04T04:13:15Z,142,161,1,7.7,1,N,1,39.50,0.50,0.50,0.00,0.00,0.30,2.75,43.55
1,2025-03-20T09:02:45Z,2025-03-20T11:20:45Z,68,161,1,16.8,3,N,3,87.00,0.50,0.50,0.00,0.00,0.30,2.75,91.05
1,2025-03-15T18:27:00Z,2025-03-15T19:13:00Z,227,162,1,7.4,1,N,1,35.00,0.50,0.50,7.03,0.00,0.30,2.75,46.08
6,2025-03-24T09:28:15Z,2025-03-24T09:56:15Z,164,162,1,2.4,1,N,1,18.50,0.50,0.50,4.06,0.00,0.30,2.75,26.61
1,2025-03-04T03:22:00Z,2025-03-04T03:56:00Z,230,161,1,9.9,1,N,1,47.00,0.00,0.50,8.60,0.00,0.30,0.00,56.40
2,2025-03-10T03:51:30Z,2025-03-10T05:12:30Z,141,117,2,15.3,2,N,1,59.50,0.00,0.50,17.50,6.94,0.30,2.75,87.49
1,2025-03-15T18:36:30Z,2025-03-15T19:03:30Z,130,230,1,2.5,1,N,1,15.50,0.50,0.50,3.52,0.00,0.30,2.75,23.07
1,2025-03-18T16:47:30Z,2025-03-18T17:03:30Z,138,186,1,3.0,1,N,1,18.50,0.50,0.50,2.38,0.00,0.30,0.00,22.18
2,2025-03-02T21:14:00Z,2025-03-02T21:31:00Z,107,148,1,1.8,1,N,1,12.00,0.00,0.50,2.80,0.00,0.30,2.75,18.35
2,2025-03-24T23:44:45Z,2025-03-25T02:15:45Z,161,107,1,21.2,2,N,1,67.00,1.00,0.50,10.73,0.00,0.30,2.75,82.28
2,2025-03-29T17:14:15Z,2025-03-29T17:53:15Z,161,246,2,8.6,2,N,1,69.00,0.50,0.50,14.61,0.00,0.30,2.75,87.66
1,2025-03-12T17:15:30Z,2025-03-12T19:42:30Z,144,170,1,14.0,1,Y,1,88.00,0.50,0.50,11.05,0.00,0.30,2.75,103.10
2,2025-03-10T21:21:15Z,2025-03-10T21:55:15Z,159,79,1,8.6,1,N,1,40.00,0.00,0.50,7.84,0.00,0.30,2.75,51.39
2,2025-03-24T07:20:00Z,2025-03-24T09:14:00Z,114,141,2,9.8,2,N,1,66.00,0.50,0.50,12.61,0.00,0.30,2.75,82.66
2,2025-03-08T17:22:00Z,2025-03-08T17:55:00Z,230,140,1,2.4,1,N,1,18.00,0.50,0.50,3.31,0.00,0.30,2.75,25.36
2,2025-03-07T06:59:15Z,2025-03-07T07:23:15Z,237,230,1,5.8,1,N,1,27.50,0.50,0.50,0.00,0.00,0.30,2.75,31.55
2,2025-03-04T13:52:00Z,2025-03-04T14:07:00Z,263,237,1,2.1,1,N,4,11.50,0.00,0.50,0.00,0.00,0.30,0.00,12.30
2,2025-03-23T15:09:15Z,2025-03-23T15:31:15Z,70,170,1,3.6,1,N,1,18.00,0.00,0.50,4.31,0.00,0.30,2.75,25.86
1,2025-03-26T07:46:00Z,2025-03-26T08:14:00Z,79,239,2,3.1,1,N,1,18.00,0.50,0.50,2.65,0.00,0.30,2.75,24.70
2,2025-03-23T05:19:00Z,2025-03-23T05:39:00Z,2,163,5,3.8,1,N,1,19.00,0.00,0.50,4.06,0.00,0.30,2.75,26.61
2,2025-03-01T09:35:00Z,2025-03-01T09:58:00Z,237,107,1,1.6,1,N,1,14.50,0.50,0.50,2.23,0.00,0.30,2.75,20.78
1,2025-03-15T18:23:00Z,2025-03-15T18:39:00Z,68,48,1,1.0,1,N,1,10.50,0.50,0.50,2.91,0.00,0.30,2.75,17.46
2,2025-03-21T15:05:15Z,2025-03-21T15:24:15Z,133,107,1,3.2,1,N,1,18.00,0.00,0.50,4.31,0.00,0.30,2.75,25.86
2,2025-03-07T00:01:15Z,2025-03-07T00:13:15Z,170,264,1,2.4,1,Y,2,13.00,0.00,0.50,0.00,0.00,0.30,2.75,16.55
6,2025-03-11T12:36:30Z,2025-03-11T12:56:30Z,48,114,3,2.4,1,N,2,16.50,0.50,0.50,0.00,0.00,0.30,0.00,17.80
2,2025-03-02T19:19:30Z,2025-03-02T20:32:30Z,264,140,1,9.4,1,N,1,56.00,0.50,0.50,0.00,0.00,0.30,2.75,60.05
2,2025-03-14T06:56:00Z,2025-03-14T07:17:00Z,237,142,2,3.6,1,N,1,19.50,0.50,0.50,4.24,0.00,0.30,2.75,27.79
2,2025-03-25T11:49:00Z,2025-03-25T12:37:00Z,132,60,4,6.5,1,N,1,31.00,0.00,0.50,5.18,0.00,0.30,2.75,39.73
1,2025-03-29T08:12:00Z,2025-03-29T08:40:00Z,141,107,1,4.2,1,N,1,27.00,0.50,0.50,3.73,0.00,0.30,2.75,34.78
2,2025-03-10T16:21:30Z,2025-03-10T16:54:30Z,234,132,1,5.0,1,N,1,27.50,0.50,0.50,6.93,6.94,0.30,2.75,45.42
1,2025-03-30T18:29:30Z,2025-03-30T20:17:30Z,132,48,2,20.1,2,N,1,68.00,0.50,0.50,15.80,6.94,0.30,2.75,94.79
1,2025-03-15T14:04:15Z,2025-03-15T14:36:15Z,79,132,1,6.3,1,N,1,30.00,0.00,0.50,8.39,0.00,0.30,2.75,41.94
2,2025-03-13T06:13:45Z,2025-03-13T07:09:45Z,138,130,2,11.9,1,N,2,53.50,0.50,0.50,0.00,0.00,0.30,2.75,57.55
2,2025-03-31T12:38:00Z,2025-03-31T14:21:00Z,161,100,1,13.3,1,N,1,64.00,0.00,0.50,13.51,0.00,0.30,2.75,81.06
1,2025-03-11T10:50:45Z,2025-03-11T11:12:45Z,236,79,4,3.4,1,N,4,17.00,0.50,0.50,0.00,0.00,0.30,2.75,21.05
1,2025-03-12T07:18:00Z,2025-03-12T07:58:00Z,68,239,2,3.7,1,N,1,26.50,0.50,0.50,3.67,0.00,0.30,2.75,34.22
2,2025-03-03T17:09:45Z,2025-03-03T17:49:45Z,246,218,2,5.0,5,N,1,34.00,0.50,0.50,6.85,0.00,0.30,2.75,44.90
2,2025-03-24T09:32:00Z,2025-03-24T09:59:00Z,141,132,1,4.8,1,N,3,25.00,0.50,0.50,0.00,6.94,0.30,2.75,35.99
2,2025-03-22T22:04:45Z,2025-03-22T22:10:45Z,48,170,2,0.4,1,N,1,6.00,0.50,0.50,1.81,0.00,0.30,2.75,11.86
2,2025-03-02T17:37:00Z,2025-03-02T18:05:00Z,140,264,2,2.9,1,N,2,15.50,0.50,0.50,0.00,0.00,0.30,2.75,19.55
1,2025-03-05T17:23:00Z,2025-03-05T19:18:00Z,142,79,2,17.7,1,N,2,83.50,0.50,0.50,0.00,6.94,0.30,2.75,94.49
1,2025-03-02T17:48:00Z,2025-03-02T18:12:00Z,120,132,1,3.3,1,N,1,20.00,0.50,0.50,6.01,0.00,0.30,2.75,30.06
6,2025-03-04T21:40:00Z,2025-03-04T22:48:00Z,141,100,1,18.5,2,N,2,56.50,0.00,0.50,0.00,0.00,0.30,2.75,60.05
1,2025-03-18T00:00:00Z,2025-03-18T00:39:00Z,161,107,1,11.1,1,N,1,46.50,0.50,0.50,9.10,0.00,0.30,2.75,59.65
2,2025-03-29T17:51:00Z,2025-03-29T18:28:00Z,163,132,2,3.0,1,N,1,17.50,0.50,0.50,3.38,0.00,0.30,0.00,22.18
2,2025-03-16T23:12:30Z,2025-03-16T23:41:30Z,141,133,1,4.3,1,N,1,22.00,1.00,0.50,3.98,0.00,0.30,2.75,30.53
1,2025-03-23T11:25:30Z,2025-03-23T11:42:30Z,264,68,2,2.3,1,N,1,13.50,1.00,0.50,2.71,0.00,0.30,2.75,20.76
2,2025-03-02T17:41:00Z,2025-03-02T18:14:00Z,161,237,3,2.7,1,N,2,20.50,0.50,0.50,0.00,0.00,0.30,2.75,24.55
1,2025-03-02T08:46:30Z,2025-03-02T09:21:30Z,231,9,1,5.4,1,N,1,32.00,0.50,0.50,0.00,0.00,0.30,0.00,33.30
2,2025-03-05T14:01:15Z,2025-03-05T14:24:15Z,164,50,1,3.6,1,N,1,18.00,0.50,0.50,4.41,0.00,0.30,2.75,26.46
2,2025-03-14T11:53:45Z,2025-03-14T12:06:45Z,110,100,1,1.4,5,N,1,14.00,0.00,0.50,3.51,0.00,0.30,2.75,21.06
1,2025-03-21T16:49:00Z,2025-03-21T17:48:00Z,164,264,1,7.2,1,N,1,36.00,0.50,0.50,8.01,0.00,0.30,2.75,48.06
6,2025-03-20T08:31:30Z,2025-03-20T09:16:30Z,141,49,1,10.1,1,N,1,44.00,0.50,0.50,5.77,0.00,0.30,2.75,53.82
2,2025-03-05T17:58:15Z,2025-03-05T19:25:15Z,163,264,1,9.5,2,N,1,52.50,0.50,0.50,0.00,0.00,0.30,2.75,56.55
1,2025-03-08T18:37:30Z,2025-03-08T19:40:30Z,141,234,1,7.5,1,N,1,41.00,0.50,0.50,7.61,0.00,0.30,0.00,49.91
1,2025-03-13T12:29:45Z,2025-03-13T12:56:45Z,163,246,1,3.6,1,N,1,23.00,0.00,0.50,3.19,0.00,0.30,2.75,29.74
2,2025-03-18T20:05:15Z,2025-03-18T20:28:15Z,130,162,1,2.3,99,N,1,17.50,0.50,0.50,0.00,0.00,0.30,2.75,21.55
2,2025-03-16T18:32:00Z,2025-03-16T19:15:00Z,142,236,1,5.5,1,N,1,30.00,0.50,0.50,4.09,0.00,0.30,2.75,38.14
1,2025-03-15T20:47:30Z,2025-03-15T22:12:30Z,186,132,1,11.2,1,N,2,48.00,0.50,0.50,0.00,0.00,0.30,2.75,52.05
2,2025-03-31T16:36:00Z,2025-03-31T17:43:00Z,187,57,1,8.6,2,N,2,65.00,0.50,0.50,0.00,0.00,0.30,0.00,66.30
2,2025-03-25T08:21:00Z,2025-03-25T08:30:00Z,263,162,1,0.5,1,N,2,6.50,0.50,0.50,0.00,0.00,0.30,2.75,10.55
2,2025-03-27T07:45:30Z,2025-03-27T08:09:30Z,34,246,1,1.8,1,N,1,12.00,0.50,0.50,1.93,0.00,0.30,2.75,17.98
1,2025-03-07T15:40:00Z,2025-03-07T16:12:00Z,114,161,5,5.1,1,N,1,26.00,0.00,0.50,5.32,0.00,0.30,2.75,34.87
1,2025-03-10T16:57:00Z,2025-03-10T17:22:00Z,186,239,1,4.5,1,N,3,26.00,0.50,0.50,0.00,0.00,0.30,2.75,30.05
2,2025-03-06T09:02:00Z,2025-03-06T09:42:00Z,186,246,1,4.1,1,N,1,22.50,0.50,0.50,3.98,0.00,0.30,2.75,30.53
1,2025-03-01T22:34:30Z,2025-03-01T23:12:30Z,76,130,2,8.7,1,N,1,41.00,0.00,0.50,8.02,0.00,0.30,2.75,52.57
1,2025-03-27T08:22:00Z,2025-03-27T09:23:00Z,161,68,1,12.9,1,N,1,58.50,0.50,0.50,11.26,0.00,0.30,2.75,73.81
2,2025-03-13T07:54:15Z,2025-03-13T08:35:15Z,45,246,1,6.1,1,N,1,37.00,0.50,0.50,8.21,0.00,0.30,2.75,49.26
2,2025-03-20T06:13:00Z,2025-03-20T06:54:00Z,142,114,3,8.5,5,N,1,66.00,0.50,0.50,12.61,0.00,0.30,2.75,82.66
2,2025-03-18T14:52:00Z,2025-03-18T15:30:00Z,163,114,1,7.8,1,N,1,35.50,0.00,0.50,4.69,0.00,0.30,2.75,43.74
2,2025-03-09T14:04:30Z,2025-03-09T14:19:30Z,132,186,1,4.0,1,N,2,16.00,0.50,0.50,0.00,0.00,0.30,2.75,20.05
1,2025-03-09T12:40:00Z,2025-03-09T13:06:00Z,263,170,1,5.2,1,N,1,23.00,0.50,0.50,4.87,0.00,0.30,2.75,31.92
2,2025-03-12T18:26:00Z,2025-03-12T19:43:00Z,68,79,1,14.8,1,N,1,69.50,0.50,0.50,11.03,0.00,0.30,2.75,84.58
2,2025-03-23T12:52:15Z,2025-03-23T13:09:15Z,141,132,1,2.3,1,N,1,13.50,0.50,0.50,4.90,6.94,0.30,2.75,29.39
2,2025-03-02T08:02:45Z,2025-03-02T08:32:45Z,263,141,1,7.0,1,N,1,30.00,0.50,0.50,7.83,0.00,0.30,0.00,39.13
2,2025-03-12T11:54:30Z,2025-03-12T12:22:30Z,79,161,1,3.5,1,N,1,21.00,1.00,0.50,4.60,0.00,0.30,2.75,30.15
2,2025-03-14T07:20:00Z,2025-03-14T07:46:00Z,142,141,1,3.0,1,N,1,17.00,0.50,0.50,3.29,0.00,0.30,0.00,21.59
2,2025-03-28T06:53:15Z,2025-03-28T07:11:15Z,79,142,1,1.9,1,N,1,15.50,0.50,0.50,2.93,0.00,0.30,2.75,22.48
1,2025-03-07T11:38:15Z,2025-03-07T12:06:15Z,163,264,3,5.0,1,N,1,24.50,0.00,0.50,3.37,0.00,0.30,2.75,31.42
2,2025-03-09T14:14:45Z,2025-03-09T14:34:45Z,239,138,1,2.9,1,N,2,17.50,0.00,0.50,0.00,0.00,0.30,2.75,21.05
1,2025-03-16T14:16:30Z,2025-03-16T15:14:30Z,141,170,3,7.8,1,N,3,46.00,0.50,0.50,0.00,0.00,0.30,2.75,50.05
2,2025-03-14T07:45:15Z,2025-03-14T08:22:15Z,48,239,1,3.9,1,N,1,27.00,0.50,0.50,0.00,0.00,0.30,2.75,31.05
2,2025-03-02T07:23:00Z,2025-03-02T08:00:00Z,186,237,1,4.9,1,N,1,23.00,0.50,0.50,0.00,0.00,0.30,2.75,27.05
2,2025-03-11T03:42:15Z,2025-03-11T04:28:15Z,194,170,4,5.9,1,N,1,31.50,0.50,0.50,6.40,0.00,0.30,2.75,41.95
2,2025-03-12T22:12:15Z,2025-03-12T22:47:15Z,164,206,5,9.5,1,N,2,42.50,0.00,0.50,0.00,0.00,0.30,2.75,46.05
2,2025-03-17T14:13:00Z,2025-03-17T14:32:00Z,161,163,2,5.0,1,N,2,20.50,0.50,0.50,0.00,0.00,0.30,2.75,24.55
2,2025-03-07T17:52:45Z,2025-03-07T18:23:45Z,31,186,1,3.7,1,N,2,24.00,0.50,0.50,0.00,0.00,0.30,0.00,25.30
2,2025-03-21T08:26:00Z,2025-03-21T09:15:00Z,161,264,1,7.6,1,N,1,30.50,0.50,0.50,5.18,0.00,0.30,2.75,39.73
2,2025-03-26T09:35:00Z,2025-03-26T10:29:00Z,161,142,1,8.2,1,N,2,48.50,0.50,0.50,0.00,0.00,0.30,2.75,52.55
2,2025-03-04T16:32:00Z,2025-03-04T18:12:00Z,122,263,2,16.2,3,N,2,93.00,0.50,0.50,0.00,0.00,0.30,2.75,97.05
1,2025-03-09T13:16:30Z,2025-03-09T13:25:30Z,162,75,1,2.3,1,N,1,14.00,0.50,0.50,4.51,0.00,0.30,2.75,22.56
1,2025-03-23T21:42:00Z,2025-03-23T21:58:00Z,68,227,1,1.0,1,N,1,8.50,0.50,0.50,1.88,0.00,0.30,2.75,14.43
1,2025-03-29T07:28:45Z,2025-03-29T07:41:45Z,263,242,2,2.8,1,N,2,13.00,0.50,0.50,0.00,0.00,0.30,2.75,17.05
2,2025-03-24T19:47:00Z,2025-03-24T20:34:00Z,140,161,1,4.8,1,N,1,35.50,0.50,0.50,7.91,0.00,0.30,2.75,47.46
2,2025-03-22T13:20:15Z,2025-03-22T14:12:15Z,161,186,2,17.6,1,N,1,71.00,0.00,0.50,8.95,0.00,0.30,2.75,83.50
1,2025-03-12T08:36:00Z,2025-03-12T08:50:00Z,162,161,1,1.4,1,N,2,11.00,0.50,0.50,0.00,0.00,0.30,2.75,15.05
1,2025-03-07T13:26:00Z,2025-03-07T13:40:00Z,114,236,5,2.9,1,N,1,14.00,0.00,0.50,0.00,0.00,0.30,2.75,17.55
2,2025-03-18T05:21:00Z,2025-03-18T05:40:00Z,264,163,1,3.9,1,N,1,19.50,0.00,0.50,2.77,0.00,0.30,2.75,25.82
1,2025-03-16T21:56:15Z,2025-03-16T22:34:15Z,140,163,1,6.5,1,N,1,34.00,1.00,0.50,4.63,0.00,0.30,2.75,43.18
1,2025-03-28T21:40:15Z,2025-03-28T21:52:15Z,234,48,1,1.7,1,N,1,12.00,0.50,0.50,1.93,0.00,0.30,2.75,17.98
2,2025-03-28T10:53:00Z,2025-03-28T11:12:00Z,3,100,2,2.2,1,N,1,15.50,0.00,0.50,3.81,0.00,0.30,2.75,22.86
1,2025-03-04T19:09:00Z,2025-03-04T19:32:00Z,236,237,3,1.9,1,N,1,12.00,0.50,0.50,2.41,0.00,0.30,2.75,18.46
2,2025-03-02T18:35:30Z,2025-03-02T18:48:30Z,161,263,1,2.8,1,N,3,16.50,0.50,0.50,0.00,0.00,0.30,0.00,17.80
2,2025-03-29T17:08:00Z,2025-03-29T18:39:00Z,100,142,3,17.5,1,N,1,66.00,0.50,0.50,14.01,0.00,0.30,2.75,84.06
2,2025-03-05T21:33:45Z,2025-03-05T22:17:45Z,140,164,1,8.6,1,N,1,31.50,0.00,0.50,4.21,0.00,0.30,2.75,39.26
2,2025-03-22T18:52:00Z,2025-03-22T19:06:00Z,264,230,1,1.6,1,N,1,12.00,0.50,0.50,2.41,0.00,0.30,2.75,18.46
1,2025-03-30T20:11:00Z,2025-03-30T20:32:00Z,236,48,2,3.6,1,N,2,19.50,0.50,0.50,0.00,0.00,0.30,2.75,23.55
2,2025-03-20T12:43:45Z,2025-03-20T12:54:45Z,132,14,2,1.5,1,N,1,11.00,0.00,0.50,2.62,0.00,0.30,2.75,17.17
2,2025-03-01T07:57:00Z,2025-03-01T08:37:00Z,164,230,1,6.4,1,N,1,34.00,0.50,0.50,6.85,0.00,0.30,2.75,44.90
2,2025-03-16T15:46:30Z,2025-03-16T15:54:30Z,100,142,4,1.8,1,N,1,11.00,0.00,0.50,1.75,0.00,0.30,2.75,16.30
1,2025-03-24T08:22:15Z,2025-03-24T09:22:15Z,240,164,1,13.8,2,N,1,63.00,0.50,0.50,9.64,0.00,0.30,0.00,73.94
1,2025-03-23T18:42:15Z,2025-03-23T20:03:15Z,156,68,1,7.5,1,N,1,34.50,0.50,0.50,6.94,0.00,0.30,2.75,45.49
6,2025-03-04T16:31:00Z,2025-03-04T17:09:00Z,54,246,2,8.6,1,N,2,36.50,0.50,0.50,0.00,0.00,0.30,2.75,40.55
1,2025-03-07T21:10:45Z,2025-03-07T21:53:45Z,170,141,1,7.7,1,N,2,37.50,0.00,0.50,0.00,0.00,0.30,2.75,41.05
2,2025-03-03T09:45:15Z,2025-03-03T10:11:15Z,264,234,2,4.1,1,N,2,23.50,0.50,0.50,0.00,0.00,0.30,2.75,27.55
2,2025-03-11T10:49:00Z,2025-03-11T11:05:00Z,114,152,1,1.8,1,N,2,12.50,0.00,0.50,0.00,0.00,0.30,2.75,16.05
2,2025-03-29T15:58:00Z,2025-03-29T16:39:00Z,132,264,1,6.5,1,N,1,28.00,0.50,0.50,8.01,0.00,0.30,2.75,40.06
1,2025-03-10T08:32:30Z,2025-03-10T09:00:30Z,163,263,1,2.6,1,N,1,17.00,0.50,0.50,4.21,0.00,0.30,2.75,25.26
2,2025-03-31T07:19:30Z,2025-03-31T07:43:30Z,114,107,1,2.5,5,Y,2,20.00,0.50,0.50,0.00,0.00,0.30,2.75,24.05
2,2025-03-04T11:37:00Z,2025-03-04T12:01:00Z,237,140,1,3.7,1,N,1,21.00,0.00,0.50,4.42,0.00,0.30,2.75,28.97
2,2025-03-14T23:44:15Z,2025-03-15T00:02:15Z,132,79,1,2.2,1,N,1,15.00,1.00,0.50,2.35,0.00,0.30,2.75,21.90
1,2025-03-19T10:33:00Z,2025-03-19T11:15:00Z,264,237,1,7.8,1,N,1,35.50,0.00,0.50,0.00,0.00,0.30,2.75,39.05
2,2025-03-16T16:36:15Z,2025-03-16T16:58:15Z,79,263,2,3.5,1,N,2,19.50,0.50,0.50,0.00,0.00,0.30,2.75,23.55
2,2025-03-13T11:02:45Z,2025-03-13T11:21:45Z,264,164,2,4.2,1,N,2,21.50,0.00,0.50,0.00,0.00,0.30,2.75,25.05
1,2025-03-07T18:32:00Z,2025-03-07T18:50:00Z,132,228,4,1.4,1,N,1,12.00,0.50,0.50,2.89,0.00,0.30,2.75,18.94
2,2025-03-13T09:07:00Z,2025-03-13T09:16:00Z,87,170,1,1.1,1,N,2,8.50,0.50,0.50,0.00,0.00,0.30,0.00,9.80
2,2025-03-29T07:12:00Z,2025-03-29T07:39:00Z,237,68,1,3.2,1,N,2,21.00,0.50,0.50,0.00,0.00,0.30,2.75,25.05
1,2025-03-08T18:41:00Z,2025-03-08T19:38:00Z,192,239,1,7.6,1,N,1,35.00,0.50,0.50,5.86,0.00,0.30,2.75,44.91
1,2025-03-06T00:59:15Z,2025-03-06T01:39:15Z,79,239,1,7.1,1,N,4,28.50,0.00,0.50,0.00,0.00,0.30,2.75,32.05
2,2025-03-14T08:32:00Z,2025-03-14T09:00:00Z,138,175,4,4.7,1,N,3,27.50,0.50,0.50,0.00,7.00,0.30,2.75,38.55
2,2025-03-27T17:43:00Z,2025-03-27T17:56:00Z,132,64,2,2.0,1,N,1,13.00,0.50,0.50,3.07,0.00,0.30,2.75,20.12
6,2025-03-10T19:14:00Z,2025-03-10T19:30:00Z,236,114,5,1.6,1,N,1,12.50,0.50,0.50,2.98,0.00,0.30,2.75,19.53
1,2025-03-03T16:47:00Z,2025-03-03T17:23:00Z,138,132,4,6.4,1,N,2,32.00,0.50,0.50,0.00,7.00,0.30,2.75,43.05
1,2025-03-11T13:26:00Z,2025-03-11T13:49:00Z,237,234,1,4.1,1,N,1,24.50,1.00,0.50,5.81,0.00,0.30,2.75,34.86
1,2025-03-31T06:15:00Z,2025-03-31T06:52:00Z,100,170,1,6.4,1,N,1,37.00,0.50,0.50,6.16,0.00,0.30,2.75,47.21
2,2025-03-03T18:39:15Z,2025-03-03T19:17:15Z,170,34,1,4.8,1,N,1,28.50,0.50,0.50,5.86,0.00,0.30,2.75,38.41
1,2025-03-28T16:42:30Z,2025-03-28T17:20:30Z,138,246,1,4.0,1,N,2,28.00,0.50,0.50,0.00,0.00,0.30,0.00,29.30
2,2025-03-17T09:26:15Z,2025-03-17T09:57:15Z,234,114,1,5.8,1,N,2,26.00,0.50,0.50,0.00,0.00,0.30,2.75,30.05
1,2025-03-01T15:42:45Z,2025-03-01T15:55:45Z,161,170,1,2.0,1,N,1,14.00,0.00,0.50,2.63,0.00,0.30,2.75,20.18
2,2025-03-11T07:29:00Z,2025-03-11T08:13:00Z,48,170,4,6.7,1,N,1,29.00,0.50,0.50,3.97,0.00,0.30,2.75,37.02
1,2025-03-15T08:37:00Z,2025-03-15T09:06:00Z,170,126,1,2.0,1,N,1,17.50,0.50,0.50,5.39,0.00,0.30,2.75,26.94
2,2025-03-26T23:56:15Z,2025-03-27T00:23:15Z,230,170,1,4.5,1,N,2,20.00,0.50,0.50,0.00,0.00,0.30,2.75,24.05
1,2025-03-28T15:37:15Z,2025-03-28T16:02:15Z,263,261,1,2.9,1,N,1,18.00,1.00,0.50,4.06,0.00,0.30,2.75,26.61
1,2025-03-21T21:37:45Z,2025-03-21T21:51:45Z,230,186,1,2.9,1,N,2,14.50,0.00,0.50,0.00,0.00,0.30,2.75,18.05
2,2025-03-11T13:29:15Z,2025-03-11T13:40:15Z,114,142,2,2.4,1,N,1,12.00,0.00,0.50,2.80,0.00,0.30,2.75,18.35
1,2025-03-11T08:21:00Z,2025-03-11T08:47:00Z,134,164,2,2.7,1,N,1,16.00,0.50,0.50,5.01,0.00,0.30,2.75,25.06
1,2025-03-31T07:25:00Z,2025-03-31T08:27:00Z,130,170,2,6.2,1,N,1,34.50,0.50,0.50,5.78,0.00,0.30,2.75,44.33
1,2025-03-19T20:19:45Z,2025-03-19T20:58:45Z,230,132,2,4.1,1,N,1,25.00,0.50,0.50,4.73,0.00,0.30,0.00,31.03
6,2025-03-20T21:36:15Z,2025-03-20T21:56:15Z,100,156,1,4.1,1,N,1,17.00,1.00,0.50,3.23,0.00,0.30,2.75,24.78
2,2025-03-22T15:29:00Z,2025-03-22T15:50:00Z,67,48,1,6.0,1,N,2,28.50,0.50,0.50,0.00,0.00,0.30,2.75,32.55
1,2025-03-06T16:19:30Z,2025-03-06T16:49:30Z,230,162,2,5.3,1,Y,1,27.00,0.50,0.50,5.59,0.00,0.30,2.75,36.64
2,2025-03-23T19:50:00Z,2025-03-23T20:13:00Z,234,138,2,1.7,1,N,1,13.50,0.50,0.50,3.51,0.00,0.30,2.75,21.06
2,2025-03-23T18:57:00Z,2025-03-23T19:21:00Z,79,170,1,3.4,1,N,1,21.00,0.50,0.50,3.76,0.00,0.30,2.75,28.81
1,2025-03-13T20:25:00Z,2025-03-13T21:22:00Z,142,138,1,8.3,2,N,1,64.50,0.50,0.50,13.71,0.00,0.30,2.75,82.26
1,2025-03-22T09:28:00Z,2025-03-22T11:33:00Z,114,138,2,12.3,2,N,1,69.50,0.50,0.50,10.62,0.00,0.30,0.00,81.42
1,2025-03-03T01:01:00Z,2025-03-03T01:10:00Z,138,239,1,1.4,1,N,1,10.00,1.00,0.50,2.18,0.00,0.30,2.75,16.73
2,2025-03-04T11:11:00Z,2025-03-04T11:29:00Z,114,237,1,2.1,1,N,1,14.00,0.00,0.50,2.96,0.00,0.30,0.00,17.76
1,2025-03-06T09:06:30Z,2025-03-06T09:18:30Z,239,132,1,1.0,1,N,2,9.00,0.50,0.50,0.00,0.00,0.30,2.75,13.05
1,2025-03-19T18:00:00Z,2025-03-19T18:32:00Z,142,186,2,3.9,1,N,1,27.00,0.50,0.50,6.21,0.00,0.30,2.75,37.26
2,2025-03-05T09:41:00Z,2025-03-05T10:16:00Z,170,161,5,6.2,1,N,1,33.00,0.50,0.50,5.56,0.00,0.30,2.75,42.61
1,2025-03-15T17:04:15Z,2025-03-15T18:15:15Z,100,264,1,7.2,1,N,1,41.00,0.50,0.50,6.76,0.00,0.30,2.75,51.81
1,2025-03-10T16:40:00Z,2025-03-10T17:32:00Z,246,107,2,11.5,1,N,3,53.00,0.50,0.50,0.00,0.00,0.30,2.75,57.05
2,2025-03-30T10:34:00Z,2025-03-30T10:51:00Z,48,140,1,5.2,1,N,1,26.50,0.00,0.50,5.41,0.00,0.30,2.75,35.46
2,2025-03-13T22:23:15Z,2025-03-13T22:45:15Z,198,84,1,2.1,1,N,1,15.50,0.00,0.50,3.26,0.00,0.30,0.00,19.56
2,2025-03-23T05:24:15Z,2025-03-23T05:36:15Z,132,140,1,2.4,1,N,2,14.50,0.50,0.50,0.00,6.94,0.30,2.75,25.49
2,2025-03-21T18:24:15Z,2025-03-21T18:51:15Z,234,164,5,3.9,1,N,2,25.00,0.50,0.50,0.00,0.00,0.30,2.75,29.05
2,2025-03-04T17:49:00Z,2025-03-04T18:15:00Z,239,236,1,3.3,1,N,2,16.50,0.50,0.50,0.00,0.00,0.30,2.75,20.55
2,2025-03-17T22:28:30Z,2025-03-17T22:38:30Z,234,107,1,1.2,1,N,1,7.50,0.00,0.50,1.99,0.00,0.30,2.75,13.04
2,2025-03-25T06:03:00Z,2025-03-25T06:54:00Z,236,79,1,9.6,1,N,4,47.50,0.50,0.50,0.00,0.00,0.30,0.00,48.80
2,2025-03-27T09:23:45Z,2025-03-27T10:01:45Z,132,140,1,7.8,5,N,2,66.50,0.50,0.50,0.00,6.94,0.30,2.75,77.49
1,2025-03-01T23:52:00Z,2025-03-02T00:22:00Z,107,130,1,4.4,1,N,2,29.50,0.50,0.50,0.00,0.00,0.30,0.00,30.80
2,2025-03-24T12:38:00Z,2025-03-24T13:42:00Z,48,164,3,20.5,2,N,2,64.50,0.00,0.50,0.00,7.00,0.30,2.75,75.05
1,2025-03-23T06:27:45Z,2025-03-23T07:33:45Z,138,140,4,14.0,1,N,1,55.50,0.50,0.50,0.00,7.00,0.30,2.75,66.55
2,2025-03-11T12:45:45Z,2025-03-11T13:19:45Z,162,164,1,5.3,1,N,1,31.50,0.00,0.50,6.31,0.00,0.30,2.75,41.36
2,2025-03-28T12:27:00Z,2025-03-28T14:06:00Z,141,68,2,19.4,2,N,1,67.50,0.00,0.50,15.60,6.94,0.30,2.75,93.59
1,2025-03-27T18:38:00Z,2025-03-27T19:22:00Z,161,132,6,5.8,1,N,4,31.50,0.50,0.50,0.00,6.94,0.30,0.00,39.74
6,2025-03-28T14:25:00Z,2025-03-28T14:54:00Z,138,186,2,6.2,1,N,4,29.00,0.50,0.50,0.00,0.00,0.30,2.75,33.05
2,2025-03-25T19:55:00Z,2025-03-25T20:02:00Z,164,108,2,1.1,1,N,1,8.50,0.50,0.50,1.18,0.00,0.30,0.00,10.98
2,2025-03-31T23:43:00Z,2025-04-01T00:22:00Z,174,140,1,4.9,5,N,1,41.00,1.00,0.50,6.83,0.00,0.30,2.75,52.38
1,2025-03-23T23:42:45Z,2025-03-23T23:49:45Z,236,142,1,1.2,1,N,1,9.00,0.00,0.50,1.51,0.00,0.30,2.75,14.06
2,2025-03-19T08:30:45Z,2025-03-19T09:05:45Z,95,132,1,4.8,1,N,1,30.00,0.50,0.50,10.25,6.94,0.30,2.75,51.24
2,2025-03-29T07:55:30Z,2025-03-29T08:08:30Z,114,68,1,1.3,1,N,1,10.00,0.50,0.50,2.03,0.00,0.30,0.00,13.33
2,2025-03-08T10:33:00Z,2025-03-08T10:45:00Z,181,79,1,2.7,1,N,1,12.50,0.50,0.50,2.48,0.00,0.30,0.00,16.28
2,2025-03-07T16:17:00Z,2025-03-07T16:33:00Z,246,163,1,2.3,1,N,1,15.00,0.50,0.50,3.43,0.00,0.30,2.75,22.48
1,2025-03-17T16:26:00Z,2025-03-17T17:06:00Z,68,170,2,4.9,1,N,3,22.50,0.50,0.50,0.00,0.00,0.30,2.75,26.55
1,2025-03-08T12:06:00Z,2025-03-08T12:22:00Z,132,164,2,4.5,1,N,2,23.00,0.00,0.50,0.00,12.50,0.30,2.75,39.05
2,2025-03-18T15:56:15Z,2025-03-18T16:06:15Z,230,163,1,1.9,1,N,1,13.00,0.00,0.50,2.98,0.00,0.30,2.75,19.53
1,2025-03-31T18:59:00Z,2025-03-31T20:22:00Z,142,162,3,20.2,3,N,1,122.00,0.50,0.50,31.51,0.00,0.30,2.75,157.56
1,2025-03-29T15:07:15Z,2025-03-29T15:30:15Z,186,130,1,4.8,1,N,1,27.50,1.00,0.50,4.81,0.00,0.30,2.75,36.86
2,2025-03-05T15:03:15Z,2025-03-05T16:15:15Z,61,48,1,18.3,4,N,1,99.00,1.00,0.50,0.00,6.94,0.30,2.75,110.49
1,2025-03-15T20:54:15Z,2025-03-15T21:09:15Z,130,186,1,1.5,1,N,1,12.00,0.50,0.50,0.00,0.00,0.30,0.00,13.30
2,2025-03-25T17:14:15Z,2025-03-25T17:37:15Z,246,186,1,2.1,1,N,1,14.50,0.50,0.50,3.95,0.00,0.30,0.00,19.75
2,2025-03-09T07:31:30Z,2025-03-09T08:10:30Z,130,200,2,5.6,1,N,2,29.00,0.50,0.50,0.00,0.00,0.30,2.75,33.05
1,2025-03-20T18:27:15Z,2025-03-20T18:46:15Z,162,141,1,0.8,1,N,1,10.50,0.50,0.50,3.64,0.00,0.30,2.75,18.19
1,2025-03-19T17:09:00Z,2025-03-19T17:35:00Z,161,237,1,2.9,1,N,1,16.00,0.50,0.50,0.00,0.00,0.30,2.75,20.05
2,2025-03-04T09:17:00Z,2025-03-04T10:58:00Z,170,48,1,14.0,2,N,1,54.50,0.50,0.50,13.10,6.94,0.30,2.75,78.59
2,2025-03-05T11:47:00Z,2025-03-05T12:37:00Z,142,67,1,5.5,1,N,1,38.00,0.00,0.50,4.99,0.00,0.30,2.75,46.54
2,2025-03-31T15:21:00Z,2025-03-31T15:32:00Z,68,263,6,3.1,1,N,2,16.00,0.00,0.50,0.00,0.00,0.30,2.75,19.55
1,2025-03-20T09:08:00Z,2025-03-20T09:39:00Z,138,79,1,6.1,1,N,1,24.50,0.50,0.50,7.10,6.94,0.30,2.75,42.59
2,2025-03-26T15:32:45Z,2025-03-26T16:03:45Z,162,114,1,7.4,1,N,1,33.00,0.00,0.50,5.48,0.00,0.30,2.75,42.03
2,2025-03-20T22:20:00Z,2025-03-20T22:40:00Z,237,236,3,6.1,1,N,1,30.50,1.00,0.50,7.01,0.00,0.30,2.75,42.06
2,2025-03-04T18:44:15Z,2025-03-04T20:00:15Z,170,100,1,10.7,1,N,1,48.50,0.50,0.50,9.46,0.00,0.30,2.75,62.01
1,2025-03-15T08:55:00Z,2025-03-15T09:44:00Z,239,138,1,4.4,1,N,1,27.50,0.50,0.50,7.70,6.94,0.30,2.75,46.19
1,2025-03-20T06:24:00Z,2025-03-20T07:22:00Z,163,114,1,6.6,1,N,2,41.50,0.50,0.50,0.00,0.00,0.30,2.75,45.55
2,2025-03-03T08:30:30Z,2025-03-03T08:50:30Z,163,141,2,4.1,1,N,1,18.00,0.50,0.50,3.31,0.00,0.30,2.75,25.36
2,2025-03-10T08:56:45Z,2025-03-10T09:35:45Z,141,145,3,2.5,1,N,1,22.50,0.50,0.50,4.78,0.00,0.30,2.75,31.33
2,2025-03-20T08:27:00Z,2025-03-20T10:37:00Z,48,163,2,12.8,1,N,1,72.50,0.50,0.50,15.31,0.00,0.30,2.75,91.86
1,2025-03-26T22:52:00Z,2025-03-26T23:10:00Z,263,170,1,3.8,1,N,1,18.50,1.00,0.50,3.65,0.00,0.30,0.00,23.95
2,2025-03-18T14:34:15Z,2025-03-18T15:24:15Z,132,162,2,5.2,1,N,1,28.50,1.00,0.50,4.54,0.00,0.30,0.00,34.84
1,2025-03-28T19:49:00Z,2025-03-28T20:08:00Z,162,140,1,0.9,1,N,3,8.50,0.50,0.50,0.00,0.00,0.30,2.75,12.55
2,2025-03-19T06:53:30Z,2025-03-19T07:18:30Z,234,239,1,3.7,1,N,1,21.50,0.50,0.50,4.60,0.00,0.30,2.75,30.15
2,2025-03-01T10:09:00Z,2025-03-01T10:48:00Z,233,163,1,9.9,1,N,1,42.00,0.00,0.50,5.14,0.00,0.30,0.00,47.94
2,2025-03-07T12:03:00Z,2025-03-07T12:31:00Z,48,114,2,3.3,5,N,1,26.50,0.00,0.50,6.01,0.00,0.30,2.75,36.06
2,2025-03-11T02:18:00Z,2025-03-11T02:34:00Z,114,124,1,4.6,1,N,2,21.50,0.00,0.50,0.00,0.00,0.30,2.75,25.05
1,2025-03-10T22:32:00Z,2025-03-10T22:59:00Z,130,79,1,5.8,1,N,1,30.00,0.00,0.50,6.04,0.00,0.30,2.75,39.59
2,2025-03-29T17:45:00Z,2025-03-29T18:07:00Z,175,140,2,2.9,1,N,2,18.00,0.50,0.50,0.00,0.00,0.30,2.75,22.05
2,2025-03-20T16:09:30Z,2025-03-20T16:39:30Z,264,142,1,3.8,1,N,1,21.50,0.50,0.50,5.11,0.00,0.30,2.75,30.66
2,2025-03-15T09:30:00Z,2025-03-15T11:23:00Z,186,206,1,17.5,2,N,2,59.00,0.50,0.50,0.00,0.00,0.30,2.75,63.05
1,2025-03-15T09:56:45Z,2025-03-15T10:13:45Z,140,149,5,2.8,1,N,2,16.00,0.50,0.50,0.00,0.00,0.30,2.75,20.05
1,2025-03-18T20:29:00Z,2025-03-18T21:16:00Z,170,249,2,9.6,2,N,2,74.00,0.50,0.50,0.00,0.00,0.30,2.75,78.05
2,2025-03-07T10:02:30Z,2025-03-07T10:17:30Z,161,217,1,1.9,1,N,2,11.50,0.50,0.50,0.00,0.00,0.30,2.75,15.55
1,2025-03-17T08:57:00Z,2025-03-17T10:26:00Z,161,234,1,19.0,2,N,1,65.00,0.50,0.50,13.81,0.00,0.30,2.75,82.86
2,2025-03-07T06:42:30Z,2025-03-07T07:40:30Z,170,246,1,10.1,5,N,2,75.50,0.50,0.50,0.00,0.00,0.30,2.75,79.55
2,2025-03-15T21:54:00Z,2025-03-15T22:22:00Z,132,239,1,4.5,1,N,1,27.50,0.00,0.50,4.66,0.00,0.30,2.75,35.71
2,2025-03-27T20:44:15Z,2025-03-27T21:01:15Z,263,239,1,3.6,1,N,1,17.00,0.50,0.50,4.21,0.00,0.30,2.75,25.26
6,2025-03-21T10:39:00Z,2025-03-21T11:07:00Z,48,107,2,3.3,1,N,1,18.00,0.00,0.50,3.23,0.00,0.30,2.75,24.78
2,2025-03-16T22:22:15Z,2025-03-16T22:52:15Z,162,163,2,6.9,1,N,2,29.00,1.00,0.50,0.00,0.00,0.30,2.75,33.55
2,2025-03-01T02:50:00Z,2025-03-01T03:04:00Z,234,230,1,1.5,1,N,1,10.00,0.00,0.50,1.30,0.00,0.30,0.00,12.10
1,2025-03-29T10:10:15Z,2025-03-29T10:41:15Z,263,163,2,6.0,1,N,1,22.50,0.50,0.50,4.78,0.00,0.30,2.75,31.33
2,2025-03-18T21:05:30Z,2025-03-18T21:58:30Z,162,68,2,15.4,1,N,1,53.50,0.00,0.50,14.26,0.00,0.30,2.75,71.31
1,2025-03-28T07:29:30Z,2025-03-28T08:12:30Z,107,48,1,6.8,1,N,1,37.00,0.50,0.50,7.39,0.00,0.30,2.75,48.44
2,2025-03-06T08:00:00Z,2025-03-06T08:06:00Z,107,236,1,0.9,1,N,1,6.50,0.50,0.50,2.11,0.00,0.30,2.75,12.66
1,2025-03-04T20:01:00Z,2025-03-04T20:23:00Z,142,68,1,5.3,1,N,1,29.50,0.50,0.50,5.03,0.00,0.30,2.75,38.58
1,2025-03-28T20:17:15Z,2025-03-28T20:41:15Z,234,217,2,4.5,1,N,1,20.50,0.50,0.50,4.91,0.00,0.30,2.75,29.46
6,2025-03-27T06:10:00Z,2025-03-27T06:22:00Z,181,141,1,2.3,1,N,1,12.00,0.50,0.50,3.21,0.00,0.30,2.75,19.26
2,2025-03-04T00:44:00Z,2025-03-04T01:01:00Z,164,79,1,1.9,1,N,1,14.50,0.00,0.50,3.61,0.00,0.30,2.75,21.66
1,2025-03-14T10:20:00Z,2025-03-14T10:42:00Z,239,100,2,2.8,1,N,4,20.50,1.00,0.50,0.00,0.00,0.30,2.75,25.05
2,2025-03-27T22:02:30Z,2025-03-27T22:30:30Z,130,170,1,6.2,1,N,1,29.00,0.00,0.50,6.51,0.00,0.30,2.75,39.06
2,2025-03-31T21:53:00Z,2025-03-31T22:06:00Z,224,142,1,0.9,1,N,2,9.00,0.50,0.50,0.00,0.00,0.30,2.75,13.05
2,2025-03-31T10:16:00Z,2025-03-31T10:58:00Z,141,140,2,9.3,1,N,1,43.00,0.00,0.50,6.57,0.00,0.30,0.00,50.37
2,2025-03-24T14:05:00Z,2025-03-24T14:47:00Z,161,142,2,6.0,1,N,2,32.50,0.50,0.50,0.00,0.00,0.30,2.75,36.55
2,2025-03-10T18:41:00Z,2025-03-10T19:16:00Z,107,263,1,3.4,1,N,2,19.50,0.50,0.50,0.00,0.00,0.30,2.75,23.55
2,2025-03-04T18:15:00Z,2025-03-04T18:34:00Z,68,234,1,2.3,1,N,1,12.50,0.50,0.50,3.31,0.00,0.30,2.75,19.86
2,2025-03-07T10:25:00Z,2025-03-07T11:29:00Z,141,237,1,10.9,1,N,1,54.00,0.00,0.50,10.36,0.00,0.30,2.75,67.91
1,2025-03-08T18:56:45Z,2025-03-08T19:26:45Z,130,239,1,3.9,1,N,1,20.00,0.50,0.50,3.61,0.00,0.30,2.75,27.66
2,2025-03-29T14:00:45Z,2025-03-29T14:27:45Z,236,48,1,4.6,1,N,1,26.00,1.00,0.50,5.50,0.00,0.30,2.75,36.05
1,2025-03-06T18:49:00Z,2025-03-06T19:16:00Z,138,186,2,3.0,1,N,1,21.50,0.50,0.50,3.83,0.00,0.30,2.75,29.38
6,2025-03-17T18:01:00Z,2025-03-17T18:33:00Z,130,234,3,2.1,1,N,1,21.00,0.50,0.50,5.01,0.00,0.30,2.75,30.06
1,2025-03-15T23:56:30Z,2025-03-16T00:15:30Z,142,237,4,5.2,1,N,1,26.00,0.50,0.50,3.61,0.00,0.30,2.75,33.66
2,2025-03-01T14:43:00Z,2025-03-01T15:30:00Z,164,237,1,8.1,4,N,1,51.50,0.00,0.50,11.01,0.00,0.30,2.75,66.06
1,2025-03-17T17:49:30Z,2025-03-17T18:14:30Z,142,237,1,3.7,1,N,4,21.00,0.50,0.50,0.00,0.00,0.30,2.75,25.05
2,2025-03-10T16:11:30Z,2025-03-10T16:28:30Z,234,164,3,2.8,1,N,1,18.00,0.50,0.50,3.97,0.00,0.30,2.75,26.02
2,2025-03-23T10:59:45Z,2025-03-23T11:13:45Z,68,263,1,2.7,1,N,1,14.00,0.00,0.50,3.16,0.00,0.30,2.75,20.71
1,2025-03-10T05:54:15Z,2025-03-10T06:05:15Z,44,114,2,1.3,1,N,2,11.00,0.00,0.50,0.00,0.00,0.30,2.75,14.55
1,2025-03-17T18:03:45Z,2025-03-17T19:09:45Z,140,164,1,9.5,1,N,1,53.50,0.50,0.50,6.91,0.00,0.30,2.75,64.46
1,2025-03-01T19:28:15Z,2025-03-01T20:35:15Z,134,225,1,11.0,1,N,4,60.00,0.50,0.50,0.00,0.00,0.30,0.00,61.30
1,2025-03-06T15:44:30Z,2025-03-06T16:09:30Z,163,132,1,7.2,1,N,1,27.50,0.00,0.50,5.59,0.00,0.30,2.75,36.64
6,2025-03-22T17:02:00Z,2025-03-22T17:40:00Z,79,132,1,4.1,1,Y,1,25.00,0.50,0.50,5.81,0.00,0.30,2.75,34.86
2,2025-03-22T10:25:00Z,2025-03-22T10:38:00Z,79,132,1,2.5,1,N,1,14.00,0.00,0.50,4.42,7.00,0.30,2.75,28.97
2,2025-03-25T08:49:45Z,2025-03-25T11:10:45Z,33,163,1,20.9,2,N,2,74.50,0.50,0.50,0.00,0.00,0.30,2.75,78.55
1,2025-03-09T14:43:00Z,2025-03-09T15:11:00Z,236,138,2,7.8,1,N,1,38.00,0.50,0.50,6.31,0.00,0.30,2.75,48.36
2,2025-03-27T14:22:00Z,2025-03-27T15:03:00Z,142,140,1,6.0,1,N,1,31.00,0.00,0.50,6.36,0.00,0.30,0.00,38.16
2,2025-03-09T12:22:00Z,2025-03-09T12:45:00Z,107,230,1,5.2,1,N,1,30.00,0.00,0.50,6.04,0.00,0.30,2.75,39.59
1,2025-03-07T11:48:00Z,2025-03-07T13:11:00Z,121,264,1,10.1,1,N,2,62.00,0.00,0.50,0.00,0.00,0.30,2.75,65.55
2,2025-03-18T14:08:00Z,2025-03-18T15:33:00Z,264,117,1,19.4,1,N,1,92.00,0.00,0.50,20.50,6.94,0.30,2.75,122.99
1,2025-03-14T18:35:00Z,2025-03-14T19:11:00Z,237,142,1,4.4,1,N,2,29.50,0.50,0.50,0.00,0.00,0.30,2.75,33.55
1,2025-03-24T09:03:00Z,2025-03-24T09:42:00Z,150,230,1,3.8,1,N,1,26.00,0.50,0.50,6.01,0.00,0.30,2.75,36.06
2,2025-03-08T13:19:00Z,2025-03-08T13:48:00Z,79,186,1,4.7,1,N,1,26.00,0.50,0.50,4.51,0.00,0.30,2.75,34.56
2,2025-03-27T19:02:00Z,2025-03-27T19:26:00Z,163,164,1,2.1,1,N,1,12.50,0.50,0.50,2.98,0.00,0.30,2.75,19.53
2,2025-03-02T17:02:30Z,2025-03-02T18:49:30Z,135,100,4,20.1,2,N,2,70.50,0.50,0.50,0.00,12.50,0.30,2.75,87.05
2,2025-03-30T17:54:30Z,2025-03-30T18:11:30Z,130,122,1,2.1,1,N,1,13.50,0.50,0.50,3.51,0.00,0.30,2.75,21.06
1,2025-03-26T18:00:00Z,2025-03-26T18:30:00Z,236,186,2,3.3,1,N,2,20.50,0.50,0.50,0.00,0.00,0.30,2.75,24.55
1,2025-03-03T13:16:00Z,2025-03-03T13:29:00Z,162,237,1,1.9,1,N,1,11.50,1.00,0.50,3.33,0.00,0.30,0.00,16.63
2,2025-03-01T17:54:00Z,2025-03-01T18:24:00Z,142,170,1,6.1,1,N,1,24.50,0.50,0.50,4.28,0.00,0.30,2.75,32.83
2,2025-03-14T20:23:15Z,2025-03-14T20:40:15Z,100,107,1,2.4,1,N,1,16.00,0.50,0.50,2.60,0.00,0.30,0.00,19.90
2,2025-03-19T03:46:00Z,2025-03-19T04:08:00Z,79,215,6,4.1,1,N,1,22.50,0.00,0.50,3.91,0.00,0.30,2.75,29.96
1,2025-03-19T10:15:00Z,2025-03-19T10:38:00Z,162,234,2,3.0,1,N,1,19.00,0.00,0.50,4.06,0.00,0.30,2.75,26.61
1,2025-03-27T23:59:30Z,2025-03-28T00:24:30Z,170,142,4,3.1,1,N,1,18.50,0.00,0.50,2.65,0.00,0.30,2.75,24.70
2,2025-03-14T09:35:45Z,2025-03-14T09:58:45Z,142,79,2,2.9,1,N,1,21.00,0.50,0.50,4.51,0.00,0.30,2.75,29.56
2,2025-03-24T04:47:00Z,2025-03-24T05:15:00Z,132,239,4,7.1,1,N,2,25.50,0.00,0.50,0.00,0.00,0.30,2.75,29.05
2,2025-03-11T13:32:45Z,2025-03-11T13:51:45Z,79,234,4,2.6,1,N,1,16.00,0.50,0.50,3.61,0.00,0.30,2.75,23.66
1,2025-03-09T16:39:00Z,2025-03-09T16:57:00Z,148,133,1,2.3,1,N,1,17.50,0.50,0.50,3.38,0.00,0.30,0.00,22.18
2,2025-03-26T08:31:00Z,2025-03-26T10:00:00Z,246,141,1,9.9,3,N,1,71.00,0.50,0.50,11.26,0.00,0.30,2.75,86.31
1,2025-03-03T11:32:00Z,2025-03-03T11:59:00Z,237,132,1,6.2,1,N,2,29.00,0.00,0.50,0.00,0.00,0.30,2.75,32.55
1,2025-03-13T20:14:45Z,2025-03-13T20:44:45Z,114,110,1,4.2,1,N,1,21.50,0.50,0.50,4.60,0.00,0.30,2.75,30.15
2,2025-03-16T15:11:00Z,2025-03-16T15:34:00Z,68,141,3,3.3,1,N,1,19.50,0.00,0.50,4.15,0.00,0.30,2.75,27.20
2,2025-03-05T18:30:15Z,2025-03-05T18:55:15Z,210,263,2,2.1,1,N,1,13.00,0.50,0.50,2.56,0.00,0.30,2.75,19.61
2,2025-03-21T19:19:15Z,2025-03-21T20:01:15Z,169,68,1,5.6,1,N,1,32.50,0.50,0.50,5.48,0.00,0.30,2.75,42.03
2,2025-03-07T23:53:30Z,2025-03-08T00:16:30Z,68,236,2,3.1,1,N,1,18.50,0.00,0.50,2.65,0.00,0.30,2.75,24.70
2,2025-03-26T12:25:00Z,2025-03-26T12:48:00Z,130,236,3,7.0,1,N,1,30.50,0.50,0.50,6.91,0.00,0.30,2.75,41.46
1,2025-03-14T15:01:00Z,2025-03-14T15:21:00Z,142,234,1,4.4,1,N,1,18.00,0.00,0.50,3.23,0.00,0.30,2.75,24.78
2,2025-03-18T18:28:00Z,2025-03-18T19:00:00Z,164,264,1,4.5,1,N,1,22.50,0.50,0.50,5.31,0.00,0.30,2.75,31.86
1,2025-03-17T18:36:00Z,2025-03-17T19:35:00Z,132,234,1,6.8,1,N,2,44.00,0.50,0.50,0.00,0.00,0.30,2.75,48.05
6,2025-03-16T15:54:45Z,2025-03-16T16:01:45Z,239,141,1,2.0,1,N,1,10.00,0.50,0.50,2.81,0.00,0.30,2.75,16.86
1,2025-03-18T13:00:00Z,2025-03-18T13:17:00Z,186,239,6,1.7,1,N,2,13.00,0.00,0.50,0.00,0.00,0.30,2.75,16.55
6,2025-03-30T11:47:45Z,2025-03-30T12:26:45Z,239,142,4,5.1,1,N,1,26.50,0.00,0.50,5.41,0.00,0.30,2.75,35.46
2,2025-03-29T08:40:00Z,2025-03-29T09:19:00Z,107,163,1,4.7,1,N,2,23.00,0.50,0.50,0.00,0.00,0.30,2.75,27.05
2,2025-03-05T19:37:45Z,2025-03-05T19:55:45Z,107,48,1,2.6,1,N,1,13.50,0.50,0.50,4.39,0.00,0.30,2.75,21.94
2,2025-03-05T15:28:15Z,2025-03-05T15:48:15Z,230,186,1,2.5,1,N,1,18.50,1.00,0.50,4.61,0.00,0.30,2.75,27.66
2,2025-03-27T13:28:15Z,2025-03-27T14:00:15Z,186,178,1,5.3,1,N,2,29.50,0.00,0.50,0.00,0.00,0.30,2.75,33.05
1,2025-03-01T08:23:30Z,2025-03-01T09:17:30Z,236,237,1,6.1,1,N,2,28.50,0.50,0.50,0.00,0.00,0.30,2.75,32.55
6,2025-03-01T20:59:15Z,2025-03-01T21:04:15Z,264,186,1,0.9,1,N,1,7.00,0.50,0.50,1.99,0.00,0.30,2.75,13.04
1,2025-03-02T10:54:30Z,2025-03-02T11:33:30Z,170,87,3,11.5,1,N,2,53.50,0.50,0.50,0.00,0.00,0.30,2.75,57.55
1,2025-03-03T08:48:30Z,2025-03-03T09:19:30Z,234,130,1,2.4,1,N,1,19.50,0.50,0.50,4.71,0.00,0.30,2.75,28.26
2,2025-03-06T18:11:00Z,2025-03-06T18:34:00Z,142,127,5,2.0,1,N,2,14.50,0.50,0.50,0.00,0.00,0.30,2.75,18.55
1,2025-03-10T08:08:30Z,2025-03-10T08:42:30Z,132,142,1,3.8,1,N,2,26.00,0.50,0.50,0.00,6.94,0.30,2.75,36.99
6,2025-03-13T07:36:00Z,2025-03-13T08:05:00Z,79,130,1,5.5,1,N,1,21.50,0.50,0.50,3.83,0.00,0.30,2.75,29.38
2,2025-03-05T14:20:00Z,2025-03-05T14:52:00Z,236,48,2,9.4,2,N,1,62.50,0.00,0.50,13.21,0.00,0.30,2.75,79.26
2,2025-03-15T16:44:15Z,2025-03-15T17:14:15Z,230,162,1,3.9,1,N,2,20.00,0.50,0.50,0.00,0.00,0.30,0.00,21.30
1,2025-03-29T16:44:30Z,2025-03-29T17:05:30Z,47,263,5,2.1,1,N,1,12.50,0.50,0.50,2.48,0.00,0.30,2.75,19.03
1,2025-03-28T08:05:45Z,2025-03-28T09:02:45Z,48,230,2,11.7,1,N,1,50.50,0.50,0.50,10.91,0.00,0.30,2.75,65.46
2,2025-03-29T10:43:45Z,2025-03-29T11:01:45Z,14,107,1,2.4,1,N,1,13.50,0.00,0.50,2.56,0.00,0.30,2.75,19.61
2,2025-03-16T08:13:00Z,2025-03-16T08:29:00Z,48,234,1,2.1,1,N,1,13.50,0.50,0.50,3.16,0.00,0.30,2.75,20.71
2,2025-03-26T00:20:00Z,2025-03-26T00:36:00Z,263,234,1,1.8,1,N,1,12.00,0.00,0.50,2.80,0.00,0.30,2.75,18.35
2,2025-03-12T07:11:15Z,2025-03-12T08:06:15Z,133,107,1,6.1,1,N,1,34.00,0.50,0.50,7.61,0.00,0.30,2.75,45.66
2,2025-03-09T13:43:00Z,2025-03-09T14:13:00Z,164,107,1,4.1,1,N,1,19.00,0.00,0.50,3.38,0.00,0.30,2.75,25.93
2,2025-03-15T17:15:45Z,2025-03-15T18:25:45Z,130,141,1,6.2,1,N,1,46.00,0.50,0.50,9.01,0.00,0.30,2.75,59.06
6,2025-03-04T19:36:00Z,2025-03-04T20:15:00Z,100,263,1,7.5,1,N,2,30.50,0.50,0.50,0.00,0.00,0.30,2.75,34.55
1,2025-03-10T09:26:00Z,2025-03-10T09:48:00Z,163,162,1,1.7,1,N,1,15.00,0.50,0.50,2.86,0.00,0.30,2.75,21.91
1,2025-03-13T14:35:00Z,2025-03-13T14:53:00Z,68,138,1,3.1,1,N,1,15.00,1.00,0.50,4.77,6.94,0.30,2.75,31.26
2,2025-03-10T10:20:15Z,2025-03-10T10:54:15Z,263,164,1,4.4,1,N,1,23.50,0.50,0.50,4.13,0.00,0.30,2.75,31.68
2,2025-03-04T16:11:00Z,2025-03-04T16:41:00Z,107,263,6,3.3,5,N,1,28.00,0.50,0.50,6.41,0.00,0.30,2.75,38.46
1,2025-03-16T18:18:15Z,2025-03-16T18:36:15Z,114,141,3,2.7,1,N,1,15.00,0.50,0.50,4.76,0.00,0.30,2.75,23.81
1,2025-03-20T16:26:00Z,2025-03-20T16:58:00Z,130,264,1,5.7,1,N,1,30.00,0.50,0.50,8.51,0.00,0.30,2.75,42.56
1,2025-03-30T08:08:00Z,2025-03-30T08:36:00Z,162,246,1,3.9,1,N,1,20.00,0.50,0.50,0.00,0.00,0.30,0.00,21.30
6,2025-03-02T17:26:30Z,2025-03-02T18:32:30Z,141,107,3,5.5,1,N,1,33.50,0.50,0.50,7.51,0.00,0.30,2.75,45.06
2,2025-03-12T12:59:30Z,2025-03-12T13:22:30Z,100,141,1,5.7,1,N,1,24.00,0.00,0.50,5.51,0.00,0.30,2.75,33.06
2,2025-03-15T20:31:00Z,2025-03-15T20:53:00Z,163,263,1,1.7,1,N,1,15.00,0.50,0.50,3.81,0.00,0.30,2.75,22.86
2,2025-03-19T17:30:45Z,2025-03-19T18:00:45Z,230,162,1,2.3,1,N,1,18.50,0.50,0.50,2.71,0.00,0.30,2.75,25.26
1,2025-03-12T17:37:30Z,2025-03-12T18:06:30Z,239,230,1,3.0,1,N,1,21.50,0.50,0.50,4.60,0.00,0.30,2.75,30.15
2,2025-03-30T17:00:45Z,2025-03-30T17:28:45Z,230,170,2,3.9,1,N,1,21.50,0.50,0.50,4.60,0.00,0.30,2.75,30.15
2,2025-03-08T09:47:00Z,2025-03-08T10:00:00Z,107,163,2,2.2,1,N,1,12.00,0.50,0.50,2.89,0.00,0.30,2.75,18.94
2,2025-03-19T14:06:30Z,2025-03-19T14:32:30Z,48,68,1,4.9,1,N,1,26.00,0.50,0.50,5.41,0.00,0.30,2.75,35.46
6,2025-03-19T19:39:15Z,2025-03-19T19:49:15Z,48,114,1,0.7,1,N,1,7.50,0.50,0.50,2.20,0.00,0.30,0.00,11.00
2,2025-03-16T00:57:30Z,2025-03-16T01:19:30Z,227,138,1,4.1,1,N,1,19.50,0.00,0.50,3.46,0.00,0.30,2.75,26.51
1,2025-03-20T08:43:00Z,2025-03-20T09:31:00Z,170,243,1,8.7,1,N,1,44.50,0.50,0.50,5.83,0.00,0.30,2.75,54.38
1,2025-03-11T18:53:45Z,2025-03-11T19:28:45Z,29,182,1,4.7,1,N,2,25.50,0.50,0.50,0.00,0.00,0.30,0.00,26.80
1,2025-03-09T10:23:00Z,2025-03-09T10:40:00Z,79,163,2,2.2,1,N,1,14.50,1.00,0.50,3.43,0.00,0.30,2.75,22.48
1,2025-03-23T22:45:15Z,2025-03-23T23:09:15Z,68,164,6,5.8,1,N,1,22.50,0.00,0.50,3.13,0.00,0.30,2.75,29.18
1,2025-03-08T11:34:45Z,2025-03-08T11:43:45Z,264,130,1,0.9,1,N,1,8.00,0.00,0.50,1.73,0.00,0.30,2.75,13.28
2,2025-03-22T22:16:00Z,2025-03-22T22:35:00Z,264,79,4,2.8,1,N,1,17.00,0.00,0.50,3.08,0.00,0.30,2.75,23.63
6,2025-03-03T18:36:00Z,2025-03-03T19:54:00Z,246,161,2,12.9,1,N,2,72.00,0.50,0.50,0.00,0.00,0.30,2.75,76.05
2,2025-03-21T16:29:30Z,2025-03-21T17:24:30Z,107,10,2,10.1,3,N,2,67.50,0.50,0.50,0.00,0.00,0.30,2.75,71.55
2,2025-03-07T18:36:00Z,2025-03-07T19:12:00Z,141,107,2,2.0,1,N,1,16.50,0.50,0.50,5.14,0.00,0.30,2.75,25.69
1,2025-03-08T21:13:00Z,2025-03-08T22:33:00Z,130,107,3,13.6,3,N,1,90.50,0.00,0.50,20.21,7.00,0.30,2.75,121.26
2,2025-03-04T07:13:00Z,2025-03-04T07:28:00Z,142,186,2,3.7,1,N,4,19.00,0.50,0.50,0.00,0.00,0.30,2.75,23.05
2,2025-03-12T22:53:00Z,2025-03-12T23:25:00Z,230,9,3,7.7,1,N,4,29.50,0.00,0.50,0.00,0.00,0.30,2.75,33.05
1,2025-03-05T07:30:00Z,2025-03-05T09:30:00Z,239,78,2,16.0,1,N,1,74.50,0.50,0.50,17.10,6.94,0.30,2.75,102.59
1,2025-03-09T17:01:00Z,2025-03-09T17:48:00Z,230,130,3,4.0,1,N,2,26.00,0.50,0.50,0.00,0.00,0.30,2.75,30.05
1,2025-03-14T20:34:15Z,2025-03-14T20:49:15Z,66,68,1,2.6,1,N,1,16.50,0.50,0.50,3.08,0.00,0.30,2.75,23.63
2,2025-03-05T19:09:00Z,2025-03-05T19:29:00Z,163,138,2,1.8,1,N,1,13.50,0.50,0.50,2.63,0.00,0.30,2.75,20.18
2,2025-03-05T16:59:00Z,2025-03-05T17:34:00Z,114,264,2,2.4,1,N,2,20.50,0.50,0.50,0.00,0.00,0.30,0.00,21.80
2,2025-03-13T13:13:15Z,2025-03-13T13:24:15Z,173,96,1,0.9,1,N,1,9.00,0.00,0.50,1.76,0.00,0.30,0.00,11.56
1,2025-03-03T19:27:45Z,2025-03-03T19:40:45Z,132,186,1,2.6,1,N,3,14.00,0.50,0.50,0.00,12.50,0.30,0.00,27.80
2,2025-03-07T07:43:00Z,2025-03-07T08:14:00Z,79,264,1,4.2,1,N,1,23.00,0.50,0.50,5.41,0.00,0.30,2.75,32.46
1,2025-03-08T19:48:45Z,2025-03-08T20:03:45Z,206,79,4,3.7,1,N,2,17.50,0.50,0.50,0.00,0.00,0.30,0.00,18.80
2,2025-03-20T16:04:00Z,2025-03-20T16:48:00Z,125,239,1,5.0,1,N,1,30.50,0.50,0.50,4.15,0.00,0.30,2.75,38.70
1,2025-03-24T16:43:00Z,2025-03-24T17:22:00Z,79,114,1,4.5,1,N,1,24.50,0.50,0.50,5.71,0.00,0.30,2.75,34.26
2,2025-03-24T11:17:00Z,2025-03-24T11:41:00Z,250,162,3,4.0,1,N,1,22.00,0.50,0.50,5.21,0.00,0.30,2.75,31.26
2,2025-03-14T13:40:00Z,2025-03-14T13:56:00Z,234,163,1,2.2,1,N,1,13.50,0.50,0.50,3.51,0.00,0.30,2.75,21.06
2,2025-03-13T16:55:45Z,2025-03-13T17:11:45Z,141,123,1,2.4,1,N,2,14.50,0.50,0.50,0.00,0.00,0.30,2.75,18.55
1,2025-03-28T14:55:30Z,2025-03-28T15:24:30Z,111,236,1,4.8,1,N,2,21.50,0.50,0.50,0.00,0.00,0.30,2.75,25.55
2,2025-03-22T11:15:00Z,2025-03-22T11:48:00Z,161,68,1,7.3,1,N,4,30.50,0.00,0.50,0.00,0.00,0.30,2.75,34.05
1,2025-03-18T18:53:00Z,2025-03-18T20:15:00Z,114,230,1,14.1,2,N,1,52.50,0.50,0.50,10.18,0.00,0.30,2.75,66.73
2,2025-03-21T16:48:30Z,2025-03-21T17:04:30Z,138,163,1,2.1,1,N,1,15.00,0.50,0.50,4.68,6.94,0.30,2.75,30.67
2,2025-03-03T11:14:15Z,2025-03-03T11:42:15Z,132,126,1,8.1,1,N,4,35.00,0.50,0.50,0.00,0.00,0.30,2.75,39.05
2,2025-03-18T15:36:00Z,2025-03-18T16:14:00Z,134,186,3,6.1,1,N,1,33.00,0.00,0.50,4.06,0.00,0.30,0.00,37.86
2,2025-03-28T19:44:00Z,2025-03-28T20:41:00Z,68,264,1,6.2,1,Y,2,35.50,0.50,0.50,0.00,0.00,0.30,2.75,39.55
2,2025-03-27T05:39:15Z,2025-03-27T07:45:15Z,237,245,1,17.5,3,N,1,103.50,1.00,0.50,20.70,6.94,0.30,2.75,135.69
1,2025-03-23T18:08:15Z,2025-03-23T18:42:15Z,79,74,1,7.8,1,N,1,38.00,0.50,0.50,0.00,0.00,0.30,2.75,42.05
1,2025-03-14T18:46:00Z,2025-03-14T20:58:00Z,48,170,1,19.5,1,N,1,82.00,0.50,0.50,17.21,0.00,0.30,2.75,103.26
1,2025-03-29T09:05:00Z,2025-03-29T09:54:00Z,141,236,1,4.7,1,N,1,25.00,0.50,0.50,5.81,0.00,0.30,2.75,34.86
6,2025-03-19T16:54:00Z,2025-03-19T17:40:00Z,138,192,1,8.2,1,N,1,38.50,0.50,0.50,7.66,0.00,0.30,2.75,50.21
2,2025-03-31T19:07:00Z,2025-03-31T20:14:00Z,161,107,1,11.1,1,N,1,52.00,0.50,0.50,8.41,0.00,0.30,2.75,64.46
1,2025-03-27T14:50:15Z,2025-03-27T16:42:15Z,263,51,1,27.3,5,N,1,178.50,0.00,0.50,36.41,0.00,0.30,2.75,218.46
2,2025-03-10T21:27:15Z,2025-03-10T22:22:15Z,164,264,1,14.4,1,N,1,57.00,0.00,0.50,12.16,7.00,0.30,2.75,79.71
1,2025-03-21T10:03:30Z,2025-03-21T10:34:30Z,223,79,5,8.5,1,N,1,33.50,0.00,0.50,5.56,0.00,0.30,2.75,42.61
2,2025-03-23T08:13:30Z,2025-03-23T11:07:30Z,3,170,1,19.7,2,N,1,67.50,0.50,0.50,12.88,0.00,0.30,2.75,84.43
2,2025-03-28T20:19:00Z,2025-03-28T21:23:00Z,194,161,2,16.4,2,N,1,68.00,0.50,0.50,11.85,6.94,0.30,2.75,90.84
1,2025-03-21T07:10:15Z,2025-03-21T07:27:15Z,132,68,1,0.7,1,N,2,8.50,0.50,0.50,0.00,6.94,0.30,2.75,19.49
2,2025-03-07T07:02:15Z,2025-03-07T07:27:15Z,142,107,1,2.2,1,N,1,18.50,0.50,0.50,4.51,0.00,0.30,2.75,27.06
2,2025-03-02T16:09:00Z,2025-03-02T16:36:00Z,230,164,1,3.9,1,N,1,19.00,0.50,0.50,4.15,0.00,0.30,2.75,27.20
6,2025-03-10T16:09:30Z,2025-03-10T16:41:30Z,239,170,1,3.3,1,N,1,23.50,0.50,0.50,3.31,0.00,0.30,2.75,30.86
2,2025-03-08T18:02:30Z,2025-03-08T18:51:30Z,138,246,1,7.0,1,N,1,37.50,0.50,0.50,8.31,0.00,0.30,2.75,49.86
1,2025-03-08T07:40:45Z,2025-03-08T08:00:45Z,264,237,5,3.3,99,N,2,18.00,0.50,0.50,0.00,0.00,0.30,2.75,22.05
6,2025-03-14T14:28:15Z,2025-03-14T15:32:15Z,162,161,1,16.7,1,N,1,66.50,0.50,0.50,10.58,0.00,0.30,2.75,81.13
2,2025-03-13T07:06:30Z,2025-03-13T07:21:30Z,161,239,1,1.0,1,N,2,11.00,0.50,0.50,0.00,0.00,0.30,2.75,15.05
2,2025-03-25T07:25:30Z,2025-03-25T08:04:30Z,48,263,1,6.2,1,N,1,24.50,0.50,0.50,0.00,0.00,0.30,2.75,28.55
1,2025-03-28T06:59:00Z,2025-03-28T07:09:00Z,229,132,1,2.3,1,N,2,13.00,0.50,0.50,0.00,7.00,0.30,2.75,24.05
2,2025-03-14T07:35:45Z,2025-03-14T08:11:45Z,140,50,6,5.4,1,N,2,26.50,0.50,0.50,0.00,0.00,0.30,2.75,30.55
2,2025-03-30T13:36:00Z,2025-03-30T13:52:00Z,142,36,1,1.5,1,N,1,12.00,1.00,0.50,2.98,0.00,0.30,2.75,19.53
2,2025-03-10T18:50:00Z,2025-03-10T19:25:00Z,187,99,6,8.9,1,N,1,36.00,0.50,0.50,7.46,0.00,0.30,0.00,44.76
1,2025-03-09T13:27:00Z,2025-03-09T13:33:00Z,140,6,2,1.0,1,N,1,8.00,0.00,0.50,2.31,0.00,0.30,2.75,13.86
1,2025-03-26T13:45:00Z,2025-03-26T14:20:00Z,246,44,1,5.7,1,N,1,28.00,0.00,0.50,6.31,0.00,0.30,2.75,37.86
1,2025-03-24T19:55:30Z,2025-03-24T20:54:30Z,138,141,1,9.3,4,N,3,66.50,0.50,0.50,0.00,6.94,0.30,2.75,77.49
6,2025-03-07T14:12:45Z,2025-03-07T14:33:45Z,32,79,1,2.6,1,N,1,17.50,0.00,0.50,3.16,0.00,0.30,2.75,24.21
1,2025-03-08T07:40:30Z,2025-03-08T09:13:30Z,162,114,1,15.3,1,N,1,80.50,0.50,0.50,16.47,6.94,0.30,2.75,107.96
1,2025-03-22T18:45:15Z,2025-03-22T19:29:15Z,138,142,2,5.1,1,N,1,27.00,0.50,0.50,6.21,0.00,0.30,2.75,37.26
2,2025-03-08T16:02:45Z,2025-03-08T16:41:45Z,238,140,1,5.9,1,N,2,32.50,0.50,0.50,0.00,0.00,0.30,2.75,36.55
2,2025-03-12T00:50:45Z,2025-03-12T01:53:45Z,163,236,1,19.6,3,N,1,101.00,0.00,0.50,20.91,0.00,0.30,2.75,125.46
6,2025-03-16T22:03:00Z,2025-03-16T22:19:00Z,48,234,1,3.0,1,N,1,16.00,0.00,0.50,3.52,0.00,0.30,2.75,23.07
2,2025-03-11T18:51:45Z,2025-03-11T20:30:45Z,161,120,1,17.7,5,N,1,139.00,0.50,0.50,30.56,12.50,0.30,0.00,183.36
2,2025-03-19T22:14:45Z,2025-03-19T23:14:45Z,79,197,1,8.1,1,N,1,48.50,1.00,0.50,9.55,0.00,0.30,2.75,62.60
2,2025-03-25T08:49:00Z,2025-03-25T09:15:00Z,186,248,1,5.3,1,N,1,26.50,0.50,0.50,4.58,0.00,0.30,2.75,35.13
2,2025-03-30T16:07:00Z,2025-03-30T16:29:00Z,234,236,2,2.9,1,N,2,16.50,0.50,0.50,0.00,0.00,0.30,2.75,20.55
1,2025-03-05T13:24:30Z,2025-03-05T13:58:30Z,107,239,1,4.4,1,N,2,24.00,0.00,0.50,0.00,0.00,0.30,2.75,27.55
2,2025-03-13T15:40:15Z,2025-03-13T16:17:15Z,100,237,1,5.1,1,N,2,25.50,1.00,0.50,0.00,0.00,0.30,2.75,30.05
1,2025-03-25T12:22:00Z,2025-03-25T12:48:00Z,264,140,1,4.1,1,N,1,25.50,0.00,0.50,5.81,0.00,0.30,2.75,34.86
1,2025-03-01T05:53:45Z,2025-03-01T07:09:45Z,257,230,1,9.2,1,N,1,52.50,0.00,0.50,0.00,0.00,0.30,2.75,56.05
2,2025-03-19T03:14:30Z,2025-03-19T03:40:30Z,204,68,1,4.6,1,N,2,27.00,0.00,0.50,0.00,0.00,0.30,2.75,30.55
1,2025-03-29T09:07:45Z,2025-03-29T10:10:45Z,239,230,1,14.5,1,N,1,72.00,0.50,0.50,16.61,7.00,0.30,2.75,99.66
1,2025-03-12T14:41:45Z,2025-03-12T15:00:45Z,239,106,3,3.9,1,N,1,20.00,1.00,0.50,4.42,0.00,0.30,2.75,28.97
1,2025-03-26T23:54:00Z,2025-03-27T00:05:00Z,163,156,1,3.1,1,N,1,15.00,1.00,0.50,2.93,0.00,0.30,2.75,22.48
2,2025-03-09T13:01:00Z,2025-03-09T14:17:00Z,105,114,3,9.1,1,N,1,42.00,0.00,0.50,9.11,0.00,0.30,2.75,54.66
1,2025-03-19T17:17:00Z,2025-03-19T17:48:00Z,230,48,1,3.4,1,N,1,24.50,0.50,0.50,5.71,0.00,0.30,2.75,34.26
1,2025-03-24T14:51:00Z,2025-03-24T16:21:00Z,114,100,1,21.3,2,N,1,71.50,0.00,0.50,13.51,0.00,0.30,2.75,88.56
2,2025-03-16T15:23:45Z,2025-03-16T15:35:45Z,100,246,2,1.2,1,N,1,10.50,0.00,0.50,1.69,0.00,0.30,2.75,15.74
2,2025-03-30T11:29:15Z,2025-03-30T11:57:15Z,75,68,3,6.9,1,N,1,37.00,0.50,0.50,8.21,0.00,0.30,2.75,49.26
1,2025-03-29T07:32:30Z,2025-03-29T07:59:30Z,162,264,1,3.1,1,N,2,19.50,0.50,0.50,0.00,0.00,0.30,2.75,23.55
2,2025-03-19T11:26:45Z,2025-03-19T11:43:45Z,97,264,1,3.6,1,N,1,19.00,0.00,0.50,5.64,0.00,0.30,2.75,28.19
1,2025-03-07T02:01:00Z,2025-03-07T02:23:00Z,217,207,1,2.9,1,N,1,19.50,0.00,0.50,3.65,0.00,0.30,0.00,23.95
1,2025-03-02T14:22:00Z,2025-03-02T14:57:00Z,100,186,1,9.4,1,N,2,33.50,0.00,0.50,0.00,0.00,0.30,2.75,37.05
2,2025-03-27T18:59:00Z,2025-03-27T19:28:00Z,263,246,2,2.3,1,N,4,20.50,0.50,0.50,0.00,0.00,0.30,2.75,24.55
2,2025-03-17T08:17:45Z,2025-03-17T08:39:45Z,79,246,2,2.9,1,N,2,17.50,0.50,0.50,0.00,0.00,0.30,2.75,21.55
2,2025-03-16T09:24:45Z,2025-03-16T09:45:45Z,138,48,4,2.2,1,N,1,15.00,0.50,0.50,2.93,0.00,0.30,0.00,19.23
2,2025-03-12T19:27:00Z,2025-03-12T19:55:00Z,234,142,3,3.0,1,N,1,16.00,0.50,0.50,3.61,0.00,0.30,2.75,23.66
2,2025-03-15T17:34:00Z,2025-03-15T17:50:00Z,237,140,1,1.6,5,N,1,16.50,0.50,0.50,3.70,0.00,0.30,2.75,24.25
2,2025-03-10T20:08:00Z,2025-03-10T20:27:00Z,141,68,3,5.3,1,N,1,21.50,0.50,0.50,0.00,0.00,0.30,2.75,25.55
1,2025-03-17T23:04:30Z,2025-03-17T23:15:30Z,209,234,1,1.8,1,N,1,11.50,0.00,0.50,2.26,0.00,0.30,2.75,17.31
2,2025-03-30T07:39:30Z,2025-03-30T07:53:30Z,263,107,1,1.3,1,N,1,12.00,0.50,0.50,2.89,0.00,0.30,2.75,18.94
2,2025-03-11T21:54:15Z,2025-03-11T22:37:15Z,71,142,1,8.9,2,N,1,72.00,0.00,0.50,15.11,0.00,0.30,2.75,90.66
1,2025-03-11T21:36:00Z,2025-03-11T21:52:00Z,234,161,1,1.9,1,N,1,13.50,0.00,0.50,3.41,0.00,0.30,2.75,20.46
2,2025-03-29T10:15:00Z,2025-03-29T11:03:00Z,230,163,1,9.4,1,N,2,35.00,0.00,0.50,0.00,0.00,0.30,2.75,38.55
2,2025-03-13T00:12:00Z,2025-03-13T00:50:00Z,161,234,1,5.1,99,N,1,19.00,0.00,0.50,0.00,0.00,0.30,0.00,19.80
1,2025-03-03T09:35:30Z,2025-03-03T10:51:30Z,31,170,2,11.1,2,N,1,60.00,0.50,0.50,0.00,0.00,0.30,2.75,64.05
2,2025-03-19T10:14:00Z,2025-03-19T10:49:00Z,130,163,2,5.7,1,N,1,28.00,0.50,0.50,4.39,0.00,0.30,0.00,33.69
2,2025-03-01T09:19:15Z,2025-03-01T09:55:15Z,132,140,1,5.9,1,N,1,31.00,0.50,0.50,7.56,6.94,0.30,2.75,49.55
2,2025-03-11T01:32:30Z,2025-03-11T01:47:30Z,194,230,1,2.4,1,N,1,12.50,0.00,0.50,0.00,0.00,0.30,2.75,16.05
1,2025-03-30T16:41:45Z,2025-03-30T16:56:45Z,234,163,2,3.1,1,N,1,15.50,0.50,0.50,3.52,0.00,0.30,2.75,23.07
1,2025-03-07T19:24:00Z,2025-03-07T19:35:00Z,163,164,1,1.9,1,N,1,10.00,0.50,0.50,2.53,0.00,0.30,2.75,16.58
1,2025-03-19T17:50:45Z,2025-03-19T19:00:45Z,161,142,1,9.7,3,N,2,59.50,0.50,0.50,0.00,0.00,0.30,0.00,60.80
2,2025-03-08T19:20:00Z,2025-03-08T19:44:00Z,237,140,1,1.8,1,N,1,15.50,0.50,0.50,2.35,0.00,0.30,2.75,21.90
1,2025-03-20T18:04:15Z,2025-03-20T18:35:15Z,130,79,1,3.5,1,N,1,22.50,0.50,0.50,6.64,0.00,0.30,2.75,33.19
2,2025-03-06T15:31:00Z,2025-03-06T15:50:00Z,234,164,1,3.1,1,N,1,17.50,0.00,0.50,4.21,0.00,0.30,2.75,25.26
2,2025-03-24T07:50:00Z,2025-03-24T08:43:00Z,132,161,1,8.7,2,N,2,59.00,0.50,0.50,0.00,0.00,0.30,2.75,63.05
1,2025-03-13T20:55:15Z,2025-03-13T21:02:15Z,246,170,1,1.0,1,N,1,7.50,0.50,0.50,2.08,0.00,0.30,2.75,13.63
1,2025-03-26T16:22:30Z,2025-03-26T17:00:30Z,234,237,1,5.8,1,N,1,30.00,0.50,0.50,6.81,0.00,0.30,2.75,40.86
1,2025-03-24T18:17:00Z,2025-03-24T18:37:00Z,164,140,4,1.7,1,N,1,12.50,0.50,0.50,0.00,0.00,0.30,0.00,13.80
2,2025-03-03T07:02:00Z,2025-03-03T07:38:00Z,141,246,2,6.5,1,N,2,36.00,0.50,0.50,0.00,0.00,0.30,2.75,40.05
2,2025-03-29T19:21:45Z,2025-03-29T19:52:45Z,264,162,1,3.8,1,N,2,24.50,0.50,0.50,0.00,0.00,0.30,2.75,28.55
2,2025-03-28T09:52:00Z,2025-03-28T10:08:00Z,141,79,3,2.1,1,N,3,12.50,0.50,0.50,0.00,0.00,0.30,0.00,13.80
2,2025-03-03T18:59:00Z,2025-03-03T19:40:00Z,61,48,2,8.9,1,N,1,42.50,0.50,0.50,5.59,0.00,0.30,2.75,52.14
2,2025-03-06T16:37:15Z,2025-03-06T16:54:15Z,142,78,1,2.5,1,N,2,15.50,0.50,0.50,0.00,0.00,0.30,2.75,19.55
1,2025-03-02T08:19:00Z,2025-03-02T08:35:00Z,88,252,6,1.3,1,N,1,9.00,0.50,0.50,1.85,0.00,0.30,0.00,12.15
2,2025-03-09T07:49:45Z,2025-03-09T08:09:45Z,239,264,1,1.3,1,N,1,13.50,0.50,0.50,3.51,0.00,0.30,2.75,21.06
1,2025-03-22T11:15:15Z,2025-03-22T11:42:15Z,246,130,1,6.3,1,N,1,26.50,1.00,0.50,5.59,0.00,0.30,2.75,36.64
2,2025-03-30T18:57:15Z,2025-03-30T19:15:15Z,130,48,1,1.1,1,N,1,12.00,0.50,0.50,2.89,0.00,0.30,2.75,18.94
1,2025-03-31T21:36:45Z,2025-03-31T21:52:45Z,172,140,3,1.9,1,N,1,13.00,0.50,0.50,3.41,0.00,0.30,2.75,20.46
1,2025-03-26T16:21:00Z,2025-03-26T18:16:00Z,130,163,2,21.9,4,N,1,138.50,0.50,0.50,28.51,0.00,0.30,2.75,171.06
1,2025-03-18T10:48:15Z,2025-03-18T11:05:15Z,234,119,1,2.5,1,N,1,16.50,0.00,0.50,0.00,0.00,0.30,2.75,20.05
1,2025-03-08T04:52:15Z,2025-03-08T05:12:15Z,68,9,1,4.0,1,N,1,19.50,0.00,0.50,3.04,0.00,0.30,0.00,23.34
2,2025-03-22T15:49:00Z,2025-03-22T16:04:00Z,236,142,4,3.0,1,N,2,18.50,0.00,0.50,0.00,0.00,0.30,2.75,22.05
1,2025-03-09T13:57:15Z,2025-03-09T14:11:15Z,68,142,1,1.0,1,N,2,9.00,0.00,0.50,0.00,0.00,0.30,2.75,12.55
2,2025-03-25T19:34:15Z,2025-03-25T20:32:15Z,239,161,1,4.1,1,N,2,27.00,0.50,0.50,0.00,0.00,0.30,2.75,31.05
2,2025-03-05T11:33:45Z,2025-03-05T12:16:45Z,222,79,1,10.3,2,N,1,65.50,0.00,0.50,13.26,0.00,0.30,0.00,79.56
2,2025-03-27T17:58:15Z,2025-03-27T18:13:15Z,161,186,1,3.1,1,N,1,15.00,0.50,0.50,3.43,0.00,0.30,2.75,22.48
2,2025-03-25T07:08:15Z,2025-03-25T07:55:15Z,114,164,6,4.1,1,N,1,33.00,0.50,0.50,7.41,0.00,0.30,2.75,44.46
6,2025-03-05T09:54:15Z,2025-03-05T10:24:15Z,236,168,5,2.6,1,N,1,15.00,0.50,0.50,3.26,0.00,0.30,0.00,19.56
1,2025-03-11T20:11:30Z,2025-03-11T20:50:30Z,68,41,2,8.3,1,N,1,36.50,0.50,0.50,8.11,0.00,0.30,2.75,48.66
1,2025-03-25T21:19:15Z,2025-03-25T21:50:15Z,3,48,1,3.4,1,N,1,21.50,0.00,0.50,5.01,0.00,0.30,2.75,30.06
2,2025-03-23T20:40:00Z,2025-03-23T22:02:00Z,162,3,2,19.5,1,N,2,91.50,0.50,0.50,0.00,0.00,0.30,2.75,95.55
1,2025-03-20T17:12:30Z,2025-03-20T17:37:30Z,107,64,1,5.3,5,N,1,46.00,0.50,0.50,9.01,0.00,0.30,2.75,59.06
1,2025-03-27T17:07:45Z,2025-03-27T17:36:45Z,230,161,2,2.9,1,N,1,19.50,0.50,0.50,4.24,0.00,0.30,2.75,27.79
2,2025-03-05T18:50:00Z,2025-03-05T19:14:00Z,161,75,1,2.3,1,N,1,18.00,0.50,0.50,3.31,0.00,0.30,2.75,25.36
2,2025-03-14T14:03:00Z,2025-03-14T14:32:00Z,239,236,1,3.4,1,N,1,18.00,0.00,0.50,4.31,0.00,0.30,2.75,25.86
1,2025-03-31T12:10:15Z,2025-03-31T12:39:15Z,68,140,4,4.2,1,N,1,26.00,0.00,0.50,5.91,0.00,0.30,2.75,35.46
2,2025-03-08T20:16:00Z,2025-03-08T20:31:00Z,239,79,2,2.1,1,N,1,11.00,0.50,0.50,2.26,0.00,0.30,2.75,17.31
2,2025-03-25T13:44:00Z,2025-03-25T14:11:00Z,230,161,1,7.3,1,N,3,34.50,0.00,0.50,0.00,0.00,0.30,2.75,38.05
2,2025-03-18T01:04:00Z,2025-03-18T01:38:00Z,130,138,1,5.3,1,N,1,21.00,0.00,0.50,4.42,0.00,0.30,2.75,28.97
2,2025-03-15T20:05:00Z,2025-03-15T20:35:00Z,263,48,1,6.1,1,N,1,27.00,0.50,0.50,4.66,0.00,0.30,2.75,35.71
2,2025-03-14T20:06:00Z,2025-03-14T20:32:00Z,232,239,1,4.5,1,N,1,22.50,0.50,0.50,3.98,0.00,0.30,2.75,30.53
1,2025-03-07T08:18:15Z,2025-03-07T08:37:15Z,186,263,1,1.9,1,N,1,11.50,0.50,0.50,2.80,0.00,0.30,2.75,18.35
1,2025-03-22T19:26:00Z,2025-03-22T20:08:00Z,239,79,1,5.5,1,N,1,28.50,0.50,0.50,5.86,0.00,0.30,2.75,38.41
1,2025-03-22T16:28:15Z,2025-03-22T16:50:15Z,11,164,3,2.9,1,N,1,20.00,0.50,0.50,4.81,0.00,0.30,2.75,28.86
2,2025-03-31T20:35:15Z,2025-03-31T21:44:15Z,162,261,1,9.3,1,N,2,44.00,0.50,0.50,0.00,0.00,0.30,2.75,48.05
1,2025-03-09T11:08:00Z,2025-03-09T11:23:00Z,142,107,1,3.5,1,N,1,18.50,0.00,0.50,2.90,0.00,0.30,0.00,22.20
2,2025-03-02T18:49:00Z,2025-03-02T19:24:00Z,130,100,2,3.5,1,N,2,21.50,0.50,0.50,0.00,0.00,0.30,0.00,22.80
2,2025-03-01T18:22:00Z,2025-03-01T19:44:00Z,142,140,1,14.7,2,N,1,56.00,0.50,0.50,12.01,0.00,0.30,2.75,72.06
2,2025-03-11T12:02:30Z,2025-03-11T12:18:30Z,186,142,1,2.8,1,N,1,15.00,0.00,0.50,2.78,0.00,0.30,2.75,21.33
1,2025-03-11T12:03:00Z,2025-03-11T12:16:00Z,48,161,1,1.9,1,N,2,13.00,0.50,0.50,0.00,0.00,0.30,2.75,17.05
1,2025-03-31T21:59:30Z,2025-03-31T22:11:30Z,79,68,1,1.4,1,N,1,10.50,0.50,0.50,2.18,0.00,0.30,2.75,16.73
1,2025-03-23T18:33:45Z,2025-03-23T18:59:45Z,164,79,1,4.9,1,N,1,22.50,0.50,0.50,3.98,0.00,0.30,2.75,30.53
1,2025-03-24T19:27:00Z,2025-03-24T20:30:00Z,114,186,5,8.5,1,N,1,50.50,0.50,0.50,9.82,0.00,0.30,2.75,64.37
1,2025-03-06T10:55:45Z,2025-03-06T11:18:45Z,100,259,1,2.7,1,N,1,18.50,0.00,0.50,2.65,0.00,0.30,2.75,24.70
2,2025-03-20T19:03:45Z,2025-03-20T19:49:45Z,161,263,1,6.0,1,N,1,32.00,0.50,0.50,7.21,0.00,0.30,2.75,43.26
2,2025-03-03T06:38:15Z,2025-03-03T06:54:15Z,100,138,2,2.5,1,N,1,15.00,0.50,0.50,6.50,6.94,0.30,2.75,32.49
2,2025-03-30T18:48:30Z,2025-03-30T19:53:30Z,5,239,5,8.9,99,N,1,42.50,0.50,0.00,6.91,0.00,0.30,2.75,52.96
1,2025-03-21T18:16:45Z,2025-03-21T18:33:45Z,107,230,5,1.9,1,N,2,10.50,0.50,0.50,0.00,0.00,0.30,2.75,14.55
1,2025-03-25T16:06:30Z,2025-03-25T16:20:30Z,234,130,1,2.4,1,N,1,12.50,0.50,0.50,2.48,0.00,0.30,2.75,19.03
1,2025-03-02T18:54:45Z,2025-03-02T19:24:45Z,263,162,1,3.8,1,N,2,20.50,0.50,0.50,0.00,0.00,0.30,2.75,24.55
2,2025-03-25T19:02:00Z,2025-03-25T22:07:00Z,263,140,1,21.2,2,N,1,58.00,0.50,0.50,11.17,0.00,0.30,2.75,73.22
2,2025-03-18T08:36:00Z,2025-03-18T09:10:00Z,79,149,3,3.6,1,N,1,25.50,0.50,0.50,0.00,0.00,0.30,2.75,29.55
1,2025-03-08T17:39:45Z,2025-03-08T18:21:45Z,260,100,1,4.2,1,N,1,27.00,0.50,0.50,6.21,0.00,0.30,2.75,37.26
2,2025-03-13T18:45:30Z,2025-03-13T19:09:30Z,164,234,1,1.5,1,N,1,14.00,0.50,0.50,3.25,0.00,0.30,2.75,21.30
2,2025-03-10T01:32:00Z,2025-03-10T01:46:00Z,263,162,2,3.0,1,N,3,17.00,0.00,0.50,0.00,0.00,0.30,2.75,20.55
1,2025-03-18T14:25:45Z,2025-03-18T14:42:45Z,164,130,2,1.8,5,N,1,25.00,0.50,0.50,5.23,0.00,0.30,2.75,34.28
2,2025-03-18T18:53:00Z,2025-03-18T21:35:00Z,132,234,3,19.9,4,N,2,118.50,0.50,0.50,0.00,0.00,0.30,2.75,122.55
1,2025-03-26T15:36:15Z,2025-03-26T16:15:15Z,141,138,1,12.7,2,N,1,71.50,0.50,0.50,13.60,0.00,0.30,2.75,89.15
2,2025-03-25T10:32:00Z,2025-03-25T10:44:00Z,236,79,1,3.4,1,N,3,15.00,0.50,0.50,0.00,0.00,0.30,2.75,19.05
1,2025-03-03T06:12:30Z,2025-03-03T06:23:30Z,107,142,5,2.1,1,N,1,12.50,0.50,0.50,2.98,0.00,0.30,2.75,19.53
2,2025-03-28T16:28:45Z,2025-03-28T16:47:45Z,48,107,1,2.9,1,N,1,17.50,0.50,0.50,3.88,0.00,0.30,2.75,25.43
2,2025-03-12T01:51:00Z,2025-03-12T02:08:00Z,239,107,1,5.0,1,N,1,21.00,0.00,0.50,3.27,0.00,0.30,0.00,25.07
1,2025-03-30T08:22:15Z,2025-03-30T08:35:15Z,85,142,1,2.1,1,N,1,12.50,0.50,0.50,2.48,0.00,0.30,2.75,19.03
1,2025-03-03T20:34:00Z,2025-03-03T20:51:00Z,230,237,1,2.7,1,N,1,14.00,0.50,0.50,3.25,0.00,0.30,2.75,21.30
2,2025-03-26T14:32:00Z,2025-03-26T14:56:00Z,94,161,1,3.1,1,N,1,20.50,0.00,0.50,4.81,0.00,0.30,2.75,28.86
2,2025-03-08T20:34:00Z,2025-03-08T21:08:00Z,162,246,3,8.4,1,N,1,42.50,0.50,0.50,9.31,0.00,0.30,2.75,55.86
2,2025-03-13T20:31:00Z,2025-03-13T21:02:00Z,230,142,1,4.8,1,N,2,24.00,0.50,0.50,0.00,0.00,0.30,2.75,28.05
2,2025-03-28T17:00:00Z,2025-03-28T17:15:00Z,79,239,1,1.3,1,N,1,9.50,0.50,0.50,2.71,0.00,0.30,2.75,16.26
2,2025-03-09T09:39:30Z,2025-03-09T10:09:30Z,170,107,2,5.1,1,N,3,26.00,0.50,0.50,0.00,0.00,0.30,0.00,27.30
1,2025-03-21T07:56:30Z,2025-03-21T08:18:30Z,246,79,2,3.0,1,N,1,15.50,0.50,0.50,3.52,0.00,0.30,2.75,23.07
1,2025-03-13T14:34:45Z,2025-03-13T14:54:45Z,130,246,4,3.8,1,N,1,22.00,0.00,0.50,3.07,0.00,0.30,2.75,28.62
1,2025-03-27T07:33:30Z,2025-03-27T08:14:30Z,230,138,6,4.6,1,N,1,28.50,0.50,0.50,5.36,0.00,0.30,0.00,35.16
2,2025-03-22T14:02:00Z,2025-03-22T15:01:00Z,138,79,1,10.7,2,N,1,59.00,0.00,0.50,11.26,0.00,0.30,2.75,73.81
2,2025-03-19T19:50:15Z,2025-03-19T22:52:15Z,141,239,1,20.8,3,N,1,132.00,0.50,0.50,25.75,7.00,0.30,2.75,168.80
1,2025-03-31T16:25:30Z,2025-03-31T16:43:30Z,79,132,2,3.2,1,N,1,18.00,0.50,0.50,5.80,6.94,0.30,2.75,34.79
1,2025-03-25T17:52:00Z,2025-03-25T19:43:00Z,100,141,1,12.2,1,N,1,59.50,0.50,0.50,9.53,0.00,0.30,2.75,73.08
2,2025-03-13T10:20:00Z,2025-03-13T10:53:00Z,161,48,1,3.5,1,N,1,21.50,0.50,0.50,3.83,0.00,0.30,2.75,29.38
1,2025-03-25T19:02:00Z,2025-03-25T21:54:00Z,68,130,1,18.0,1,N,4,103.00,0.50,0.50,0.00,0.00,0.30,2.75,107.05
2,2025-03-29T07:21:30Z,2025-03-29T07:47:30Z,79,263,2,3.5,1,N,1,18.50,0.50,0.50,4.06,0.00,0.30,2.75,26.61
2,2025-03-18T17:46:30Z,2025-03-18T18:41:30Z,79,107,1,7.1,1,N,2,37.00,0.50,0.50,0.00,0.00,0.30,2.75,41.05
2,2025-03-12T17:37:45Z,2025-03-12T18:12:45Z,60,170,1,3.2,1,N,1,17.50,0.50,0.50,4.31,0.00,0.30,2.75,25.86
2,2025-03-17T16:24:30Z,2025-03-17T17:59:30Z,217,114,2,12.2,1,N,3,64.50,0.50,0.50,0.00,6.94,0.30,0.00,72.74
2,2025-03-30T12:13:00Z,2025-03-30T12:22:00Z,161,65,2,2.6,1,N,1,12.00,0.00,0.50,1.87,0.00,0.30,2.75,17.42
1,2025-03-08T13:31:00Z,2025-03-08T13:49:00Z,132,246,1,2.5,1,N,1,16.00,0.00,0.50,2.35,0.00,0.30,2.75,21.90
2,2025-03-19T21:20:00Z,2025-03-19T21:43:00Z,124,230,1,4.7,1,N,1,23.50,0.00,0.50,4.87,0.00,0.30,2.75,31.92
1,2025-03-06T22:59:00Z,2025-03-06T23:45:00Z,239,219,1,10.2,1,N,1,42.50,0.00,0.50,8.29,0.00,0.30,2.75,54.34
2,2025-03-23T22:50:30Z,2025-03-23T23:05:30Z,130,48,1,0.8,1,N,2,8.50,0.00,0.50,0.00,0.00,0.30,2.75,12.05
1,2025-03-25T14:45:45Z,2025-03-25T15:00:45Z,100,142,3,2.2,1,N,2,15.50,0.50,0.50,0.00,0.00,0.30,2.75,19.55
2,2025-03-23T20:20:00Z,2025-03-23T21:24:00Z,263,69,1,19.1,2,N,1,56.00,0.50,0.50,10.81,0.00,0.30,2.75,70.86
2,2025-03-20T19:43:15Z,2025-03-20T19:56:15Z,132,183,1,1.5,1,N,1,12.50,0.50,0.50,2.48,0.00,0.30,2.75,19.03
1,2025-03-10T09:24:45Z,2025-03-10T09:57:45Z,239,48,1,5.7,1,N,1,24.00,0.50,0.50,5.05,0.00,0.30,2.75,33.10
2,2025-03-24T15:03:30Z,2025-03-24T15:19:30Z,48,141,4,2.4,1,N,4,15.50,0.00,0.50,0.00,0.00,0.30,2.75,19.05
2,2025-03-22T07:07:30Z,2025-03-22T07:24:30Z,22,130,2,2.0,1,N,1,15.50,0.50,0.50,2.93,0.00,0.30,2.75,22.48
2,2025-03-07T13:21:00Z,2025-03-07T13:45:00Z,141,264,2,2.9,1,N,2,19.00,0.00,0.50,0.00,0.00,0.30,2.75,22.55
1,2025-03-01T16:20:00Z,2025-03-01T19:23:00Z,186,180,1,18.0,1,N,2,100.50,0.50,0.50,0.00,0.00,0.30,2.75,104.55
2,2025-03-05T18:37:15Z,2025-03-05T18:52:15Z,186,68,2,3.1,1,N,1,19.00,0.50,0.50,0.00,0.00,0.30,2.75,23.05
2,2025-03-16T21:27:00Z,2025-03-16T21:57:00Z,237,130,1,9.6,1,N,1,34.00,0.00,0.50,7.51,0.00,0.30,2.75,45.06
2,2025-03-11T10:55:00Z,2025-03-11T12:11:00Z,162,236,2,15.8,1,N,1,81.00,0.00,0.50,0.00,0.00,0.30,2.75,84.55
2,2025-03-15T16:49:00Z,2025-03-15T17:46:00Z,264,234,1,5.5,1,N,1,30.50,0.50,0.50,5.18,0.00,0.30,2.75,39.73
2,2025-03-31T06:10:15Z,2025-03-31T06:26:15Z,140,130,1,2.0,1,N,2,13.00,0.50,0.50,0.00,0.00,0.30,2.75,17.05
1,2025-03-02T14:14:00Z,2025-03-02T14:49:00Z,164,230,1,8.3,2,N,1,64.00,0.00,0.50,12.16,0.00,0.30,2.75,79.71
1,2025-03-14T16:31:00Z,2025-03-14T17:38:00Z,107,264,1,8.9,1,N,4,45.00,0.50,0.50,0.00,0.00,0.30,2.75,49.05
2,2025-03-17T09:08:45Z,2025-03-17T11:49:45Z,170,236,1,15.5,1,N,1,75.00,0.50,0.50,15.48,6.94,0.30,2.75,101.47
2,2025-03-18T18:35:00Z,2025-03-18T19:17:00Z,170,132,1,3.9,1,N,1,26.50,0.50,0.50,7.75,12.50,0.30,2.75,50.80
2,2025-03-21T06:29:30Z,2025-03-21T06:53:30Z,230,77,1,2.5,1,N,1,14.50,0.50,0.50,2.78,0.00,0.30,2.75,21.33
2,2025-03-06T08:44:30Z,2025-03-06T09:00:30Z,236,163,1,2.0,1,Y,2,13.00,0.50,0.50,0.00,0.00,0.30,2.75,17.05
2,2025-03-18T19:06:00Z,2025-03-18T19:22:00Z,163,68,3,1.5,1,N,1,13.00,0.50,0.50,2.05,0.00,0.30,2.75,19.10
2,2025-03-04T06:28:00Z,2025-03-04T07:21:00Z,142,205,1,7.3,1,N,3,42.00,0.50,0.50,0.00,0.00,0.30,2.75,46.05
6,2025-03-17T18:14:30Z,2025-03-17T18:40:30Z,236,237,5,3.4,1,N,2,19.00,0.50,0.50,0.00,0.00,0.30,2.75,23.05
1,2025-03-13T06:41:45Z,2025-03-13T08:04:45Z,107,68,1,21.2,2,N,1,67.50,0.50,0.50,10.73,0.00,0.30,2.75,82.28
2,2025-03-23T07:57:00Z,2025-03-23T08:30:00Z,239,138,1,4.3,1,N,1,27.00,0.50,0.50,5.70,6.94,0.30,2.75,43.69
2,2025-03-21T04:38:15Z,2025-03-21T05:04:15Z,107,163,1,3.6,1,N,1,18.50,0.00,0.50,2.90,0.00,0.30,0.00,22.20
1,2025-03-25T09:40:15Z,2025-03-25T10:44:15Z,163,68,1,5.1,1,N,3,29.50,0.50,0.50,0.00,0.00,0.30,0.00,30.80
2,2025-03-17T13:36:00Z,2025-03-17T13:54:00Z,128,263,1,2.2,1,N,1,12.00,0.00,0.50,3.11,0.00,0.30,2.75,18.66
1,2025-03-11T16:06:15Z,2025-03-11T16:31:15Z,164,163,3,3.1,1,N,1,18.50,0.50,0.50,4.51,0.00,0.30,2.75,27.06
1,2025-03-16T20:59:45Z,2025-03-16T21:07:45Z,237,130,1,1.5,1,N,1,9.00,0.50,0.50,2.61,0.00,0.30,2.75,15.66
2,2025-03-04T19:53:00Z,2025-03-04T20:29:00Z,68,162,4,6.6,1,N,2,32.50,0.50,0.50,0.00,0.00,0.30,2.75,36.55
1,2025-03-28T06:21:30Z,2025-03-28T06:37:30Z,138,186,1,1.7,1,N,1,12.00,0.50,0.50,2.89,0.00,0.30,2.75,18.94
2,2025-03-14T10:26:45Z,2025-03-14T10:49:45Z,236,107,1,5.8,1,N,1,29.00,0.00,0.50,7.45,0.00,0.30,0.00,37.25
2,2025-03-22T20:50:45Z,2025-03-22T21:20:45Z,239,264,1,7.8,1,N,1,34.00,0.50,0.50,6.85,0.00,0.30,2.75,44.90
1,2025-03-31T10:20:00Z,2025-03-31T10:29:00Z,163,230,1,2.1,1,N,1,11.00,0.00,0.50,0.00,0.00,0.30,2.75,14.55
2,2025-03-23T21:27:00Z,2025-03-23T22:07:00Z,48,140,1,8.3,1,N,1,36.50,0.00,0.50,10.01,0.00,0.30,2.75,50.06
2,2025-03-17T19:16:30Z,2025-03-17T20:18:30Z,141,79,1,10.9,99,N,1,34.50,0.50,0.50,9.64,0.00,0.30,2.75,48.19
2,2025-03-29T00:51:00Z,2025-03-29T01:10:00Z,142,141,6,4.0,1,N,1,18.00,0.00,0.50,4.31,0.00,0.30,2.75,25.86
1,2025-03-02T14:22:45Z,2025-03-02T15:19:45Z,132,79,6,19.2,3,N,1,94.00,1.00,0.50,15.82,6.94,0.30,2.75,121.31
2,2025-03-15T11:09:00Z,2025-03-15T12:07:00Z,147,107,1,11.6,1,N,1,62.00,0.00,0.50,11.30,0.00,0.30,0.00,74.10
2,2025-03-07T09:18:45Z,2025-03-07T10:50:45Z,230,142,2,7.7,1,N,1,50.50,0.50,0.50,10.36,0.00,0.30,0.00,62.16
1,2025-03-09T11:40:00Z,2025-03-09T11:57:00Z,140,162,1,3.0,1,N,1,18.50,0.00,0.50,0.00,0.00,0.30,2.75,22.05
1,2025-03-28T12:30:30Z,2025-03-28T12:51:30Z,138,134,4,2.9,1,N,1,19.50,0.00,0.50,4.61,0.00,0.30,2.75,27.66
2,2025-03-04T00:43:45Z,2025-03-04T01:45:45Z,246,263,2,16.1,1,N,1,68.00,0.00,0.50,14.31,0.00,0.30,2.75,85.86
2,2025-03-23T16:19:00Z,2025-03-23T16:45:00Z,163,237,2,2.5,1,N,1,17.00,0.50,0.50,4.21,0.00,0.30,2.75,25.26
2,2025-03-05T22:41:45Z,2025-03-05T23:53:45Z,239,79,1,10.0,2,N,1,56.50,0.00,0.50,0.00,0.00,0.30,2.75,60.05
1,2025-03-17T12:27:15Z,2025-03-17T12:54:15Z,264,132,4,3.4,1,N,1,21.00,0.00,0.50,3.92,0.00,0.30,0.00,25.72
2,2025-03-30T10:15:45Z,2025-03-30T10:30:45Z,263,71,1,2.4,1,N,2,16.00,0.00,0.50,0.00,0.00,0.30,2.75,19.55
2,2025-03-25T23:29:15Z,2025-03-25T23:39:15Z,230,142,1,0.6,1,N,1,7.50,0.00,0.50,2.21,0.00,0.30,2.75,13.26
2,2025-03-13T21:19:00Z,2025-03-13T23:13:00Z,246,141,2,20.8,2,Y,2,53.00,0.00,0.50,0.00,0.00,0.30,2.75,56.55
1,2025-03-07T13:35:00Z,2025-03-07T13:57:00Z,107,236,1,4.1,1,N,1,20.00,0.00,0.50,4.24,0.00,0.30,2.75,27.79
2,2025-03-26T16:23:00Z,2025-03-26T16:45:00Z,230,107,1,1.7,1,N,1,15.00,0.50,0.50,3.81,0.00,0.30,2.75,22.86
2,2025-03-13T00:05:30Z,2025-03-13T00:25:30Z,237,79,2,3.6,5,N,1,24.50,0.00,0.50,3.37,0.00,0.30,2.75,31.42
1,2025-03-22T19:41:30Z,2025-03-22T20:11:30Z,239,48,1,2.5,1,N,1,18.00,0.50,0.50,3.31,0.00,0.30,2.75,25.36
2,2025-03-05T07:35:00Z,2025-03-05T08:04:00Z,236,73,1,3.8,1,N,1,21.00,0.50,0.50,3.76,0.00,0.30,2.75,28.81
1,2025-03-09T22:29:00Z,2025-03-09T23:23:00Z,68,130,1,7.0,1,N,1,43.50,0.00,0.50,7.06,0.00,0.30,2.75,54.11
1,2025-03-15T09:08:15Z,2025-03-15T09:51:15Z,142,186,4,5.2,1,N,2,27.00,0.50,0.50,0.00,0.00,0.30,2.75,31.05
2,2025-03-27T17:20:00Z,2025-03-27T17:43:00Z,226,100,2,3.1,1,N,1,20.00,0.50,0.50,4.33,0.00,0.30,2.75,28.38
2,2025-03-29T15:50:00Z,2025-03-29T16:24:00Z,246,68,1,7.1,1,N,2,34.00,0.50,0.50,0.00,0.00,0.30,2.75,38.05
2,2025-03-24T06:39:45Z,2025-03-24T06:59:45Z,263,142,1,1.8,1,N,2,13.50,0.50,0.50,0.00,0.00,0.30,2.75,17.55
6,2025-03-03T14:18:00Z,2025-03-03T14:40:00Z,124,140,2,3.5,1,N,1,20.00,0.00,0.50,3.53,0.00,0.30,2.75,27.08
2,2025-03-23T23:57:00Z,2025-03-24T00:25:00Z,264,153,1,3.4,1,N,3,20.00,0.00,0.50,0.00,0.00,0.30,2.75,23.55
1,2025-03-12T13:21:00Z,2025-03-12T14:21:00Z,237,170,5,7.5,1,N,1,33.50,1.00,0.50,5.71,0.00,0.30,2.75,43.76
2,2025-03-31T06:06:15Z,2025-03-31T06:25:15Z,164,246,4,4.8,1,N,4,20.00,0.50,0.50,0.00,0.00,0.30,2.75,24.05
2,2025-03-08T10:58:00Z,2025-03-08T11:15:00Z,246,183,1,2.0,1,N,1,11.00,0.00,0.50,2.18,0.00,0.30,2.75,16.73
2,2025-03-29T11:51:45Z,2025-03-29T12:03:45Z,237,253,1,1.7,1,N,2,10.50,0.00,0.50,0.00,0.00,0.30,2.75,14.05
2,2025-03-22T12:01:00Z,2025-03-22T12:16:00Z,161,7,2,2.1,1,N,4,11.00,0.00,0.50,0.00,0.00,0.30,0.00,11.80
2,2025-03-10T06:34:00Z,2025-03-10T07:49:00Z,239,184,4,20.7,3,N,4,100.50,0.50,0.50,0.00,0.00,0.30,2.75,104.55
1,2025-03-14T22:36:30Z,2025-03-14T22:58:30Z,142,132,1,3.5,1,N,2,21.50,0.00,0.50,0.00,7.00,0.30,2.75,32.05
1,2025-03-07T17:36:00Z,2025-03-07T18:11:00Z,246,239,2,2.2,5,N,2,18.00,0.50,0.50,0.00,0.00,0.30,2.75,22.05
1,2025-03-10T07:34:00Z,2025-03-10T07:55:00Z,264,170,1,2.9,1,N,2,19.00,0.50,0.50,0.00,0.00,0.30,2.75,23.05
1,2025-03-08T00:56:00Z,2025-03-08T01:09:00Z,138,246,1,0.9,1,N,1,8.50,0.00,0.50,2.41,0.00,0.30,2.75,14.46
1,2025-03-25T13:10:15Z,2025-03-25T13:38:15Z,132,186,5,3.2,1,N,1,22.50,0.00,0.50,4.66,0.00,0.30,0.00,27.96
1,2025-03-27T07:45:30Z,2025-03-27T09:17:30Z,138,186,1,10.0,1,N,1,47.50,0.50,0.50,6.19,0.00,0.30,2.75,57.74
2,2025-03-14T08:23:00Z,2025-03-14T08:41:00Z,48,132,1,1.4,1,N,1,10.50,0.50,0.50,3.87,6.94,0.30,2.75,25.36
2,2025-03-07T06:24:30Z,2025-03-07T07:14:30Z,164,50,1,6.2,1,N,2,30.00,0.50,0.50,0.00,0.00,0.30,2.75,34.05
2,2025-03-30T19:14:00Z,2025-03-30T20:27:00Z,161,130,1,12.9,1,N,1,68.00,0.50,0.50,19.75,6.94,0.30,2.75,98.74
1,2025-03-09T21:44:00Z,2025-03-09T22:24:00Z,141,132,1,6.9,1,N,1,32.50,0.00,0.50,6.66,0.00,0.30,0.00,39.96
2,2025-03-20T08:53:15Z,2025-03-20T10:03:15Z,142,114,1,13.8,2,N,1,63.00,0.50,0.50,14.80,6.94,0.30,2.75,88.79
1,2025-03-06T16:33:00Z,2025-03-06T16:43:00Z,35,230,2,1.6,1,N,2,10.50,0.50,0.50,0.00,0.00,0.30,2.75,14.55
2,2025-03-18T20:53:15Z,2025-03-18T21:05:15Z,132,140,4,1.5,1,N,2,9.50,0.50,0.50,0.00,0.00,0.30,2.75,13.55
6,2025-03-21T03:27:15Z,2025-03-21T03:49:15Z,236,107,2,3.0,1,N,1,18.00,0.00,0.50,2.59,0.00,0.30,2.75,24.14
2,2025-03-07T19:42:00Z,2025-03-07T21:21:00Z,141,79,2,21.8,3,N,1,137.50,0.50,0.50,21.23,0.00,0.30,2.75,162.78
2,2025-03-27T18:42:30Z,2025-03-27T20:08:30Z,145,96,1,14.2,1,N,1,84.00,0.50,0.50,17.06,0.00,0.30,0.00,102.36
2,2025-03-03T06:53:00Z,2025-03-03T07:55:00Z,246,230,1,11.2,1,N,1,53.00,0.50,0.50,11.41,0.00,0.30,2.75,68.46
1,2025-03-09T18:57:45Z,2025-03-09T22:05:45Z,139,130,1,21.5,4,N,1,104.50,0.50,0.50,19.54,0.00,0.30,2.75,128.09
2,2025-03-30T00:21:30Z,2025-03-30T00:38:30Z,170,186,1,4.4,1,N,1,22.00,0.00,0.50,2.74,0.00,0.30,0.00,25.54
1,2025-03-12T18:37:00Z,2025-03-12T19:36:00Z,101,239,1,12.3,2,Y,1,57.00,0.50,0.50,15.26,0.00,0.30,2.75,76.31
2,2025-03-22T20:01:30Z,2025-03-22T20:17:30Z,141,130,2,4.1,1,N,1,17.00,0.50,0.50,2.75,0.00,0.30,0.00,21.05
2,2025-03-29T08:56:30Z,2025-03-29T09:49:30Z,48,239,1,7.3,1,N,1,39.50,0.50,0.50,5.23,0.00,0.30,2.75,48.78
1,2025-03-14T12:20:15Z,2025-03-14T12:57:15Z,263,186,1,8.2,1,N,2,29.00,0.00,0.50,0.00,0.00,0.30,2.75,32.55
1,2025-03-06T18:04:00Z,2025-03-06T18:53:00Z,162,64,1,5.7,1,N,1,29.50,0.50,0.50,4.03,0.00,0.30,2.75,37.58
1,2025-03-13T17:22:45Z,2025-03-13T18:03:45Z,130,48,2,6.3,1,N,2,37.00,0.50,0.50,0.00,0.00,0.30,2.75,41.05
2,2025-03-08T07:09:45Z,2025-03-08T08:13:45Z,239,186,2,13.8,1,N,1,53.50,0.50,0.50,8.63,0.00,0.30,2.75,66.18
2,2025-03-02T14:05:00Z,2025-03-02T14:21:00Z,259,161,1,3.3,1,N,1,16.00,1.00,0.50,2.67,0.00,0.30,0.00,20.47
6,2025-03-31T16:35:45Z,2025-03-31T19:34:45Z,132,68,2,18.6,4,N,1,97.50,0.50,0.50,25.39,0.00,0.30,2.75,126.94
1,2025-03-30T18:01:45Z,2025-03-30T18:24:45Z,130,132,1,4.6,1,N,1,22.50,0.50,0.50,3.57,0.00,0.30,0.00,27.37
2,2025-03-02T20:15:45Z,2025-03-02T20:42:45Z,163,264,1,3.8,1,N,1,22.50,0.50,0.50,4.76,0.00,0.30,0.00,28.56
2,2025-03-21T16:09:00Z,2025-03-21T16:38:00Z,164,162,1,5.1,1,N,1,24.00,0.50,0.50,4.21,0.00,0.30,2.75,32.26
2,2025-03-03T19:59:45Z,2025-03-03T20:18:45Z,138,234,1,2.1,1,N,2,16.00,0.50,0.50,0.00,0.00,0.30,2.75,20.05
2,2025-03-26T08:30:00Z,2025-03-26T09:19:00Z,114,140,1,5.1,1,N,3,32.00,0.50,0.50,0.00,0.00,0.30,0.00,33.30
2,2025-03-13T14:36:45Z,2025-03-13T15:19:45Z,48,264,1,9.8,3,N,1,57.50,1.00,0.50,15.51,0.00,0.30,2.75,77.56
2,2025-03-18T17:41:30Z,2025-03-18T18:44:30Z,132,161,1,6.0,1,N,1,41.00,0.50,0.50,0.00,0.00,0.30,2.75,45.05
2,2025-03-04T16:22:00Z,2025-03-04T17:44:00Z,164,132,1,10.2,1,N,4,51.00,0.50,0.50,0.00,0.00,0.30,2.75,55.05
2,2025-03-10T20:05:15Z,2025-03-10T20:16:15Z,17,162,1,2.2,1,N,1,14.00,0.50,0.50,3.25,0.00,0.30,2.75,21.30
2,2025-03-31T14:05:00Z,2025-03-31T14:24:00Z,237,100,1,3.7,1,N,1,19.00,0.00,0.50,3.38,0.00,0.30,2.75,25.93
2,2025-03-03T20:39:00Z,2025-03-03T21:29:00Z,164,234,1,7.7,1,N,1,45.00,0.50,0.50,5.89,0.00,0.30,2.75,54.94
2,2025-03-19T21:37:00Z,2025-03-19T22:12:00Z,162,163,1,6.8,1,N,2,34.50,0.00,0.50,0.00,0.00,0.30,2.75,38.05
2,2025-03-11T15:08:30Z,2025-03-11T15:26:30Z,79,163,2,2.3,1,N,1,15.00,0.00,0.50,3.71,0.00,0.30,2.75,22.26
2,2025-03-25T04:20:00Z,2025-03-25T04:54:00Z,48,140,1,6.1,1,N,1,28.00,0.00,0.50,3.46,0.00,0.30,0.00,32.26
1,2025-03-20T08:03:00Z,2025-03-20T08:54:00Z,246,230,2,9.1,1,N,1,48.50,0.50,0.50,8.96,0.00,0.30,0.00,58.76
2,2025-03-14T22:05:30Z,2025-03-14T22:18:30Z,170,162,4,2.1,1,N,1,13.00,0.00,0.50,1.99,0.00,0.30,2.75,18.54
1,2025-03-22T18:02:00Z,2025-03-22T18:34:00Z,162,132,1,4.6,1,N,1,29.00,0.50,0.50,10.00,6.94,0.30,2.75,49.99
2,2025-03-21T10:45:00Z,2025-03-21T11:03:00Z,142,48,1,3.5,1,N,3,15.00,0.00,0.50,0.00,0.00,0.30,2.75,18.55
2,2025-03-18T19:53:00Z,2025-03-18T20:39:00Z,239,170,1,10.9,1,N,1,56.00,0.50,0.50,7.21,0.00,0.30,2.75,67.26
1,2025-03-05T11:36:00Z,2025-03-05T12:09:00Z,142,141,3,5.4,1,N,1,26.50,0.00,0.50,5.41,0.00,0.30,2.75,35.46
1,2025-03-25T19:15:45Z,2025-03-25T21:40:45Z,162,68,1,19.8,1,N,1,119.00,0.50,0.50,22.15,0.00,0.30,2.75,145.20
2,2025-03-31T22:37:45Z,2025-03-31T23:20:45Z,264,237,4,13.6,1,N,1,61.50,0.50,0.50,13.06,7.00,0.30,2.75,85.61
2,2025-03-23T14:52:00Z,2025-03-23T15:07:00Z,230,68,1,2.8,1,N,2,16.50,0.00,0.50,0.00,0.00,0.30,2.75,20.05
1,2025-03-02T19:37:45Z,2025-03-02T20:07:45Z,140,249,1,2.7,1,N,1,15.00,0.50,0.50,1.96,0.00,0.30,0.00,18.26
2,2025-03-15T22:02:00Z,2025-03-15T22:40:00Z,142,237,6,8.5,1,N,2,44.00,0.00,0.50,0.00,0.00,0.30,2.75,47.55
1,2025-03-20T17:44:00Z,2025-03-20T20:01:00Z,140,199,1,15.8,2,N,2,55.50,0.50,0.50,0.00,0.00,0.30,2.75,59.55
2,2025-03-22T11:51:00Z,2025-03-22T12:13:00Z,132,161,1,2.4,1,N,1,16.00,0.50,0.50,4.01,0.00,0.30,2.75,24.06
1,2025-03-01T09:01:00Z,2025-03-01T09:54:00Z,263,98,1,6.9,1,N,2,38.50,0.50,0.50,0.00,0.00,0.30,2.75,42.55
1,2025-03-29T16:20:15Z,2025-03-29T18:13:15Z,186,236,1,12.9,2,N,1,67.00,0.50,0.50,9.37,7.00,0.30,2.75,87.42
1,2025-03-10T07:20:15Z,2025-03-10T08:07:15Z,234,138,1,5.2,1,N,2,36.00,0.50,0.50,0.00,0.00,0.30,2.75,40.05
1,2025-03-11T17:39:30Z,2025-03-11T17:49:30Z,68,237,2,1.2,1,N,1,9.00,0.50,0.50,1.57,0.00,0.30,2.75,14.62
2,2025-03-31T19:50:00Z,2025-03-31T20:09:00Z,234,68,1,3.9,1,N,2,19.00,0.50,0.50,0.00,0.00,0.30,2.75,23.05
2,2025-03-13T10:19:00Z,2025-03-13T10:42:00Z,48,79,2,3.4,1,N,1,22.00,0.00,0.50,5.11,0.00,0.30,2.75,30.66
2,2025-03-25T18:38:15Z,2025-03-25T19:05:15Z,75,161,1,2.3,1,N,1,18.50,0.50,0.50,4.51,0.00,0.30,2.75,27.06
2,2025-03-31T15:56:30Z,2025-03-31T16:22:30Z,263,107,2,5.1,1,N,1,26.00,0.00,0.50,0.00,0.00,0.30,2.75,29.55
1,2025-03-08T20:27:15Z,2025-03-08T20:58:15Z,83,161,2,4.1,1,N,1,23.00,0.50,0.50,5.41,0.00,0.30,2.75,32.46
2,2025-03-29T09:45:00Z,2025-03-29T10:02:00Z,263,107,1,1.6,1,N,1,14.00,0.50,0.50,2.17,0.00,0.30,2.75,20.22
2,2025-03-18T23:13:30Z,2025-03-19T00:03:30Z,130,170,1,14.0,1,N,3,65.50,0.00,0.50,0.00,0.00,0.30,2.75,69.05
1,2025-03-18T10:49:00Z,2025-03-18T12:28:00Z,79,68,1,16.4,1,N,1,79.00,0.50,0.50,20.76,0.00,0.30,2.75,103.81
6,2025-03-24T21:01:15Z,2025-03-24T21:19:15Z,186,86,1,4.0,1,N,1,21.50,0.00,0.50,4.51,0.00,0.30,2.75,29.56
2,2025-03-15T21:44:00Z,2025-03-15T22:21:00Z,186,239,1,9.5,1,N,1,46.00,0.00,0.50,8.92,0.00,0.30,2.75,58.47
1,2025-03-12T16:06:00Z,2025-03-12T17:13:00Z,170,163,1,6.4,1,N,1,41.00,0.50,0.50,6.76,0.00,0.30,2.75,51.81
2,2025-03-16T07:39:15Z,2025-03-16T08:20:15Z,236,68,6,6.9,1,N,2,39.00,0.50,0.50,0.00,0.00,0.30,2.75,43.05
2,2025-03-09T06:32:00Z,2025-03-09T06:52:00Z,246,114,2,2.9,1,N,1,15.00,0.50,0.50,3.43,0.00,0.30,2.75,22.48
1,2025-03-09T10:00:30Z,2025-03-09T10:10:30Z,237,140,1,3.0,1,N,2,14.50,0.50,0.50,0.00,0.00,0.30,2.75,18.55
2,2025-03-04T18:00:30Z,2025-03-04T18:26:30Z,138,68,1,1.9,1,N,1,13.50,0.50,0.50,1.78,0.00,0.30,0.00,16.58
1,2025-03-31T13:23:00Z,2025-03-31T13:41:00Z,100,183,1,4.5,1,N,2,20.00,0.50,0.50,0.00,0.00,0.30,2.75,24.05
2,2025-03-15T23:42:00Z,2025-03-16T00:06:00Z,141,239,1,3.0,1,N,1,19.00,0.50,0.50,3.46,0.00,0.30,2.75,26.51
2,2025-03-30T10:16:00Z,2025-03-30T10:33:00Z,230,186,4,2.0,1,N,1,13.50,0.50,0.50,4.39,0.00,0.30,2.75,21.94
1,2025-03-25T08:54:00Z,2025-03-25T09:11:00Z,264,48,1,2.8,1,N,2,14.50,0.50,0.50,0.00,0.00,0.30,2.75,18.55
1,2025-03-27T08:14:00Z,2025-03-27T09:44:00Z,239,107,3,21.3,4,N,1,118.00,0.50,0.50,22.72,6.94,0.30,0.00,148.96
2,2025-03-15T14:27:00Z,2025-03-15T14:47:00Z,68,239,1,4.4,1,N,1,22.00,0.00,0.50,3.42,0.00,0.30,0.00,26.22
1,2025-03-12T16:28:00Z,2025-03-12T16:51:00Z,163,164,4,2.8,1,N,1,18.50,0.50,0.50,4.51,0.00,0.30,2.75,27.06
1,2025-03-10T07:50:15Z,2025-03-10T08:14:15Z,107,170,1,2.1,1,N,3,17.00,0.50,0.50,0.00,0.00,0.30,2.75,21.05
2,2025-03-07T09:41:30Z,2025-03-07T10:29:30Z,239,68,6,3.7,1,N,1,21.00,0.50,0.50,4.51,0.00,0.30,2.75,29.56
1,2025-03-10T13:53:45Z,2025-03-10T14:10:45Z,79,141,1,2.3,1,N,2,12.50,0.00,0.50,0.00,0.00,0.30,2.75,16.05
2,2025-03-30T07:51:15Z,2025-03-30T08:17:15Z,100,230,1,5.0,1,N,1,26.50,0.50,0.50,3.67,0.00,0.30,2.75,34.22
1,2025-03-18T16:21:15Z,2025-03-18T17:49:15Z,141,68,1,12.1,2,N,2,69.00,0.50,0.50,0.00,0.00,0.30,2.75,73.05
2,2025-03-20T18:57:45Z,2025-03-20T19:25:45Z,263,169,1,5.5,1,N,1,24.50,0.50,0.50,0.00,0.00,0.30,2.75,28.55
2,2025-03-24T16:46:30Z,2025-03-24T18:01:30Z,68,107,3,8.8,1,N,2,46.50,0.50,0.50,0.00,0.00,0.30,0.00,47.80
2,2025-03-30T11:06:00Z,2025-03-30T11:55:00Z,79,239,1,7.7,1,N,2,44.50,0.00,0.50,0.00,0.00,0.30,2.75,48.05
1,2025-03-08T16:31:30Z,2025-03-08T17:06:30Z,107,130,4,6.5,1,N,1,28.00,0.50,0.50,6.41,0.00,0.30,2.75,38.46
1,2025-03-19T08:52:00Z,2025-03-19T10:02:00Z,246,7,2,9.5,1,N,1,47.00,0.50,0.50,9.19,0.00,0.30,2.75,60.24
1,2025-03-01T09:54:30Z,2025-03-01T10:30:30Z,162,237,1,5.0,1,N,1,24.50,0.50,0.50,0.00,0.00,0.30,2.75,28.55
1,2025-03-05T10:45:15Z,2025-03-05T11:14:15Z,230,140,1,5.9,1,N,1,24.50,0.00,0.50,5.05,0.00,0.30,2.75,33.10
1,2025-03-18T11:55:15Z,2025-03-18T12:27:15Z,230,123,1,4.8,1,N,1,22.50,0.00,0.50,4.19,0.00,0.30,0.00,27.49
2,2025-03-22T07:32:00Z,2025-03-22T08:14:00Z,194,170,1,7.4,1,N,1,33.50,0.50,0.50,0.00,0.00,0.30,2.75,37.55
6,2025-03-04T17:44:15Z,2025-03-04T18:55:15Z,164,163,1,9.7,2,N,1,63.50,0.50,0.50,10.13,0.00,0.30,2.75,77.68
2,2025-03-16T13:27:00Z,2025-03-16T13:53:00Z,79,162,1,6.4,1,N,1,27.50,0.00,0.50,6.21,0.00,0.30,2.75,37.26
6,2025-03-30T17:38:45Z,2025-03-30T17:58:45Z,261,163,4,1.2,1,N,1,12.00,0.50,0.50,1.93,0.00,0.30,2.75,17.98
6,2025-03-09T20:01:45Z,2025-03-09T21:29:45Z,163,263,2,21.3,3,N,4,133.50,0.50,0.50,0.00,0.00,0.30,2.75,137.55
6,2025-03-16T13:47:00Z,2025-03-16T14:02:00Z,163,132,1,2.7,1,N,1,13.50,0.00,0.50,6.00,6.94,0.30,2.75,29.99
2,2025-03-30T09:41:00Z,2025-03-30T10:17:00Z,140,263,1,6.1,1,N,1,26.50,0.50,0.50,4.17,0.00,0.30,0.00,31.97
2,2025-03-18T17:03:30Z,2025-03-18T17:52:30Z,68,15,1,5.6,1,N,1,35.50,0.50,0.50,4.75,0.00,0.30,2.75,44.30
2,2025-03-03T23:53:00Z,2025-03-04T00:28:00Z,239,141,1,4.3,1,N,2,22.00,0.00,0.50,0.00,0.00,0.30,2.75,25.55
2,2025-03-01T07:25:15Z,2025-03-01T08:27:15Z,263,230,1,9.9,2,N,1,65.50,0.50,0.50,12.52,0.00,0.30,2.75,82.07
2,2025-03-20T10:03:00Z,2025-03-20T11:45:00Z,161,142,1,17.2,3,N,1,91.50,0.50,0.50,18.45,6.94,0.30,2.75,120.94
1,2025-03-03T17:31:00Z,2025-03-03T19:10:00Z,130,141,1,10.3,1,N,1,62.50,0.50,0.50,13.31,0.00,0.30,2.75,79.86
1,2025-03-10T20:59:00Z,2025-03-10T21:22:00Z,100,142,1,4.4,1,N,1,20.50,0.50,0.50,3.68,0.00,0.30,2.75,28.23
1,2025-03-06T13:40:00Z,2025-03-06T13:56:00Z,164,236,1,2.6,1,N,1,14.00,0.00,0.50,3.16,0.00,0.30,2.75,20.71
2,2025-03-11T22:34:30Z,2025-03-11T22:57:30Z,164,264,1,4.1,1,N,1,25.50,0.00,0.50,5.23,0.00,0.30,2.75,34.28
1,2025-03-02T21:32:30Z,2025-03-02T21:55:30Z,142,57,1,4.5,1,N,2,19.00,0.00,0.50,0.00,0.00,0.30,2.75,22.55
2,2025-03-24T18:59:00Z,2025-03-24T19:18:00Z,143,79,5,3.4,1,N,2,18.50,0.50,0.50,0.00,0.00,0.30,2.75,22.55
1,2025-03-14T08:45:00Z,2025-03-14T09:02:00Z,236,170,6,2.6,1,N,2,12.00,0.50,0.50,0.00,0.00,0.30,2.75,16.05
1,2025-03-19T18:36:00Z,2025-03-19T20:04:00Z,197,130,1,8.5,1,N,1,55.00,0.50,0.50,11.81,0.00,0.30,2.75,70.86
1,2025-03-24T14:45:30Z,2025-03-24T15:06:30Z,43,218,1,3.7,1,N,1,23.00,1.00,0.50,4.46,0.00,0.30,0.00,29.26
2,2025-03-22T08:27:00Z,2025-03-22T08:54:00Z,142,138,2,5.4,1,N,1,28.50,0.50,0.50,5.86,0.00,0.30,2.75,38.41
2,2025-03-26T19:00:00Z,2025-03-26T19:22:00Z,100,163,1,2.5,1,N,1,15.50,0.50,0.50,0.00,0.00,0.30,2.75,19.55
2,2025-03-05T18:34:00Z,2025-03-05T20:17:00Z,148,77,1,9.0,1,N,1,60.00,0.50,0.50,12.26,0.00,0.30,0.00,73.56
2,2025-03-15T08:58:00Z,2025-03-15T09:34:00Z,9,142,1,4.2,1,N,3,27.50,0.50,0.50,0.00,0.00,0.30,0.00,28.80
2,2025-03-12T16:18:45Z,2025-03-12T18:03:45Z,163,236,1,9.2,2,N,1,56.50,0.50,0.50,10.40,0.00,0.30,0.00,68.20
1,2025-03-30T17:04:00Z,2025-03-30T19:20:00Z,130,263,1,21.6,2,N,2,72.00,0.50,0.50,0.00,7.00,0.30,2.75,83.05
1,2025-03-15T13:14:45Z,2025-03-15T13:36:45Z,48,264,2,4.6,1,N,1,19.50,0.00,0.50,4.15,0.00,0.30,2.75,27.20
2,2025-03-14T15:10:00Z,2025-03-14T15:45:00Z,236,234,2,5.6,1,N,1,25.50,0.00,0.50,6.58,0.00,0.30,0.00,32.88
2,2025-03-20T20:56:15Z,2025-03-20T21:17:15Z,142,100,1,2.1,1,N,1,17.00,0.50,0.50,3.79,0.00,0.30,2.75,24.84
1,2025-03-10T22:08:00Z,2025-03-10T22:25:00Z,194,141,1,2.1,1,N,1,15.00,0.00,0.50,3.71,0.00,0.30,2.75,22.26
1,2025-03-01T22:42:45Z,2025-03-01T23:01:45Z,48,68,1,4.3,1,N,2,21.00,0.00,0.50,0.00,0.00,0.30,2.75,24.55
2,2025-03-26T10:55:30Z,2025-03-26T11:07:30Z,230,263,2,2.5,1,N,1,13.50,0.50,0.50,3.51,0.00,0.30,2.75,21.06
2,2025-03-04T18:03:00Z,2025-03-04T18:44:00Z,132,79,5,4.9,1,N,2,27.00,0.50,0.50,0.00,0.00,0.30,2.75,31.05
2,2025-03-31T00:19:15Z,2025-03-31T00:35:15Z,213,130,1,1.2,1,N,1,12.50,0.00,0.50,3.21,0.00,0.30,2.75,19.26
2,2025-03-02T18:16:00Z,2025-03-02T18:43:00Z,5,142,1,2.2,5,N,1,23.00,0.50,0.50,4.87,0.00,0.30,2.75,31.92
2,2025-03-27T13:47:00Z,2025-03-27T14:07:00Z,234,236,2,4.3,1,N,1,21.50,0.00,0.50,5.01,0.00,0.30,2.75,30.06
2,2025-03-21T23:16:15Z,2025-03-21T23:52:15Z,234,141,1,8.0,1,N,1,34.00,0.50,0.50,0.00,0.00,0.30,2.75,38.05
1,2025-03-21T09:55:00Z,2025-03-21T10:31:00Z,63,237,2,6.5,1,N,1,30.50,0.50,0.50,6.22,0.00,0.30,2.75,40.77
2,2025-03-15T17:22:00Z,2025-03-15T17:36:00Z,130,73,2,1.9,1,N,2,11.00,0.50,0.50,0.00,0.00,0.30,2.75,15.05
2,2025-03-02T23:52:45Z,2025-03-03T00:12:45Z,141,162,1,4.4,1,N,1,18.00,1.00,0.50,4.06,0.00,0.30,2.75,26.61
2,2025-03-26T06:00:00Z,2025-03-26T06:22:00Z,263,68,1,2.3,1,N,2,15.00,0.50,0.50,0.00,0.00,0.30,2.75,19.05
2,2025-03-03T06:20:00Z,2025-03-03T06:37:00Z,252,264,3,4.5,1,N,1,19.00,0.50,0.50,4.61,0.00,0.30,2.75,27.66
2,2025-03-04T07:49:00Z,2025-03-04T08:17:00Z,100,141,4,3.0,1,N,1,20.50,0.50,0.50,4.91,0.00,0.30,2.75,29.46
2,2025-03-01T07:50:00Z,2025-03-01T08:30:00Z,140,142,2,3.6,99,N,2,18.50,0.50,0.50,0.00,0.00,0.30,2.75,22.55
2,2025-03-21T18:30:45Z,2025-03-21T18:53:45Z,239,152,1,3.9,1,N,1,20.00,0.50,0.50,4.33,0.00,0.30,2.75,28.38
1,2025-03-17T12:09:15Z,2025-03-17T12:33:15Z,236,230,1,4.9,1,N,1,27.50,0.00,0.50,6.21,0.00,0.30,2.75,37.26
2,2025-03-16T13:08:00Z,2025-03-16T13:41:00Z,234,16,1,7.7,1,N,2,34.00,0.00,0.50,0.00,0.00,0.30,2.75,37.55
1,2025-03-12T18:16:00Z,2025-03-12T18:53:00Z,100,142,1,8.2,1,N,2,29.50,0.50,0.50,0.00,0.00,0.30,2.75,33.55
2,2025-03-11T13:03:45Z,2025-03-11T13:18:45Z,142,236,1,1.0,1,N,1,11.00,0.50,0.50,3.01,0.00,0.30,2.75,18.06
2,2025-03-06T05:11:00Z,2025-03-06T05:26:00Z,251,141,1,3.2,1,N,2,15.50,0.00,0.50,0.00,0.00,0.30,2.75,19.05
2,2025-03-14T22:00:00Z,2025-03-14T22:11:00Z,8,163,2,2.2,1,N,2,11.00,0.00,0.50,0.00,0.00,0.30,2.75,14.55
2,2025-03-29T18:58:00Z,2025-03-29T20:14:00Z,6,150,1,13.8,2,N,1,65.50,0.50,0.50,14.76,7.00,0.30,0.00,88.56
2,2025-03-15T07:17:15Z,2025-03-15T07:49:15Z,230,170,1,2.8,1,N,1,17.00,0.50,0.50,4.21,0.00,0.30,2.75,25.26
6,2025-03-08T07:44:00Z,2025-03-08T08:27:00Z,230,114,1,4.4,1,N,1,25.00,0.50,0.50,5.81,0.00,0.30,2.75,34.86
2,2025-03-18T17:22:00Z,2025-03-18T19:03:00Z,79,223,1,10.0,1,N,1,71.50,0.50,0.50,11.33,0.00,0.30,2.75,86.88
2,2025-03-02T09:34:30Z,2025-03-02T10:04:30Z,239,142,1,2.4,1,N,1,16.50,0.50,0.50,3.70,0.00,0.30,2.75,24.25
2,2025-03-18T10:50:00Z,2025-03-18T11:06:00Z,239,140,2,2.0,1,N,2,13.00,0.50,0.50,0.00,0.00,0.30,2.75,17.05
2,2025-03-03T07:37:00Z,2025-03-03T08:04:00Z,140,61,1,3.4,1,N,1,15.50,0.50,0.50,3.91,0.00,0.30,2.75,23.46
2,2025-03-09T17:36:00Z,2025-03-09T18:17:00Z,142,141,1,3.8,5,N,1,27.50,0.50,0.50,5.68,0.00,0.30,2.75,37.23
2,2025-03-30T12:24:00Z,2025-03-30T12:50:00Z,162,100,1,5.2,1,N,1,22.00,0.00,0.50,3.07,0.00,0.30,2.75,28.62
2,2025-03-12T17:55:00Z,2025-03-12T18:57:00Z,141,138,1,8.5,1,N,1,40.00,0.50,0.50,8.26,0.00,0.30,0.00,49.56
2,2025-03-28T07:05:30Z,2025-03-28T08:16:30Z,57,130,2,6.9,1,N,2,49.00,0.50,0.50,0.00,0.00,0.30,2.75,53.05
2,2025-03-25T08:37:30Z,2025-03-25T10:19:30Z,68,234,1,19.0,2,N,2,64.50,0.50,0.50,0.00,0.00,0.30,0.00,65.80
2,2025-03-14T18:30:00Z,2025-03-14T19:10:00Z,263,164,1,4.8,1,N,1,25.50,0.50,0.50,0.00,0.00,0.30,2.75,29.55
2,2025-03-04T15:22:45Z,2025-03-04T15:44:45Z,68,100,4,4.6,1,Y,2,20.00,0.00,0.50,0.00,0.00,0.30,2.75,23.55
2,2025-03-20T00:00:30Z,2025-03-20T00:32:30Z,236,170,1,4.5,1,N,1,20.50,0.50,0.50,0.00,0.00,0.30,2.75,24.55
2,2025-03-25T06:14:00Z,2025-03-25T06:36:00Z,142,114,1,3.8,1,N,1,23.50,0.50,0.50,0.00,0.00,0.30,2.75,27.55
1,2025-03-14T20:25:00Z,2025-03-14T22:11:00Z,239,234,1,17.4,2,N,1,56.50,0.50,0.50,15.14,0.00,0.30,2.75,75.69
6,2025-03-20T09:45:00Z,2025-03-20T10:50:00Z,164,130,1,14.6,2,N,1,61.50,0.50,0.50,12.56,0.00,0.30,0.00,75.36
1,2025-03-07T19:38:00Z,2025-03-07T20:19:00Z,170,68,5,8.1,1,N,2,37.50,0.50,0.50,0.00,0.00,0.30,2.75,41.55
1,2025-03-08T13:17:00Z,2025-03-08T13:44:00Z,79,131,1,3.0,1,N,1,18.50,0.50,0.50,4.51,0.00,0.30,2.75,27.06
2,2025-03-14T16:02:00Z,2025-03-14T16:29:00Z,236,162,1,3.9,1,N,2,19.50,0.50,0.50,0.00,0.00,0.30,2.75,23.55
2,2025-03-11T18:38:00Z,2025-03-11T19:39:00Z,237,114,1,6.8,1,N,1,36.50,0.50,0.50,7.30,0.00,0.30,2.75,47.85
2,2025-03-13T06:48:15Z,2025-03-13T07:16:15Z,68,230,5,6.2,1,N,1,30.50,0.50,0.50,6.91,0.00,0.30,2.75,41.46
2,2025-03-17T12:33:45Z,2025-03-17T12:56:45Z,141,79,1,3.1,1,N,1,16.00,1.00,0.50,4.11,0.00,0.30,2.75,24.66
1,2025-03-14T03:57:00Z,2025-03-14T04:26:00Z,230,246,1,4.7,1,N,1,25.00,1.00,0.50,4.43,0.00,0.30,2.75,33.98
2,2025-03-14T20:30:30Z,2025-03-14T21:01:30Z,234,79,2,9.4,1,N,2,37.00,0.50,0.50,0.00,0.00,0.30,2.75,41.05
2,2025-03-10T17:10:45Z,2025-03-10T18:08:45Z,170,114,1,5.1,1,Y,2,32.00,0.50,0.50,0.00,0.00,0.30,2.75,36.05
2,2025-03-25T18:04:30Z,2025-03-25T20:11:30Z,36,239,2,35.0,1,N,1,157.50,0.50,0.50,29.08,0.00,0.30,2.75,190.63
2,2025-03-22T23:52:30Z,2025-03-23T00:04:30Z,105,162,1,3.6,1,N,1,17.50,0.00,0.50,3.79,0.00,0.30,2.75,24.84
2,2025-03-06T02:45:45Z,2025-03-06T03:16:45Z,170,114,2,4.3,1,N,3,24.00,0.00,0.50,0.00,0.00,0.30,2.75,27.55
2,2025-03-06T06:21:30Z,2025-03-06T06:48:30Z,119,79,1,5.6,1,N,1,30.00,0.50,0.50,6.81,0.00,0.30,2.75,40.86
2,2025-03-03T14:34:00Z,2025-03-03T15:37:00Z,138,141,1,16.1,2,N,1,53.00,0.00,0.50,11.44,7.00,0.30,2.75,74.99
2,2025-03-24T17:57:45Z,2025-03-24T18:20:45Z,107,212,1,4.5,1,N,1,23.00,0.50,0.50,6.76,0.00,0.30,2.75,33.81
2,2025-03-03T14:25:00Z,2025-03-03T15:04:00Z,164,168,1,7.9,1,N,1,45.00,0.00,0.50,8.74,0.00,0.30,2.75,57.29
2,2025-03-03T06:34:00Z,2025-03-03T07:01:00Z,88,230,1,3.4,1,N,1,18.50,0.50,0.50,4.06,0.00,0.30,2.75,26.61
1,2025-03-26T08:59:15Z,2025-03-26T10:07:15Z,114,79,4,19.3,1,N,1,89.50,0.50,0.50,10.90,0.00,0.30,0.00,101.70
1,2025-03-29T12:26:30Z,2025-03-29T13:35:30Z,239,163,1,19.4,2,N,3,60.50,0.50,0.50,0.00,7.00,0.30,2.75,71.55
2,2025-03-10T09:20:00Z,2025-03-10T10:23:00Z,163,142,3,12.9,1,N,1,46.50,0.50,0.50,11.50,6.94,0.30,2.75,68.99
2,2025-03-29T15:09:00Z,2025-03-29T15:30:00Z,132,140,2,3.2,1,N,1,18.00,0.00,0.50,3.88,0.00,0.30,2.75,25.43
1,2025-03-30T20:42:00Z,2025-03-30T20:58:00Z,234,140,1,1.5,1,N,1,12.50,0.50,0.50,3.31,0.00,0.30,2.75,19.86
2,2025-03-13T16:37:30Z,2025-03-13T18:35:30Z,161,68,1,17.9,2,N,1,62.00,0.50,0.50,11.89,0.00,0.30,2.75,77.94
2,2025-03-02T15:55:00Z,2025-03-02T17:14:00Z,263,140,2,9.6,1,N,1,42.50,1.00,0.50,9.41,0.00,0.30,2.75,56.46
2,2025-03-05T19:46:45Z,2025-03-05T20:14:45Z,164,100,5,1.9,1,N,1,17.50,0.50,0.50,3.88,0.00,0.30,2.75,25.43
2,2025-03-02T16:34:15Z,2025-03-02T17:12:15Z,70,236,3,4.6,1,N,1,27.00,0.50,0.50,5.59,0.00,0.30,2.75,36.64
2,2025-03-26T07:16:30Z,2025-03-26T08:09:30Z,237,186,1,8.1,2,N,1,52.00,0.50,0.50,10.09,0.00,0.30,2.75,66.14
6,2025-03-30T15:36:00Z,2025-03-30T16:42:00Z,236,264,1,10.1,1,N,2,41.00,0.00,0.50,0.00,0.00,0.30,2.75,44.55
1,2025-03-11T19:06:00Z,2025-03-11T20:54:00Z,32,142,1,12.9,1,N,1,80.00,0.50,0.50,16.38,6.94,0.30,2.75,107.37
1,2025-03-17T14:13:15Z,2025-03-17T14:28:15Z,246,107,1,3.4,1,Y,1,14.50,1.00,0.50,3.26,0.00,0.30,0.00,19.56
1,2025-03-23T19:26:00Z,2025-03-23T19:40:00Z,183,132,2,1.6,1,N,1,10.00,0.50,0.50,0.00,6.94,0.30,2.75,20.99
1,2025-03-26T11:00:00Z,2025-03-26T11:38:00Z,134,264,2,5.8,1,N,2,30.00,0.00,0.50,0.00,0.00,0.30,2.75,33.55
2,2025-03-02T10:37:00Z,2025-03-02T11:06:00Z,236,128,2,6.7,1,N,1,30.50,0.00,0.50,6.81,0.00,0.30,2.75,40.86
1,2025-03-25T21:46:00Z,2025-03-25T22:11:00Z,132,138,1,3.4,1,N,1,19.50,1.00,0.50,6.20,6.94,0.30,2.75,37.19
1,2025-03-07T20:46:00Z,2025-03-07T21:03:00Z,163,258,1,3.7,1,N,2,19.50,0.50,0.50,0.00,0.00,0.30,2.75,23.55
2,2025-03-22T18:38:45Z,2025-03-22T19:46:45Z,162,161,1,6.7,1,N,1,39.00,0.50,0.50,6.46,0.00,0.30,2.75,49.51
2,2025-03-22T07:38:45Z,2025-03-22T08:04:45Z,170,48,1,5.6,1,Y,1,27.50,0.50,0.50,6.31,0.00,0.30,2.75,37.86
2,2025-03-22T20:49:00Z,2025-03-22T21:03:00Z,107,130,3,2.6,1,N,2,14.00,0.50,0.50,0.00,0.00,0.30,2.75,18.05
2,2025-03-06T09:44:30Z,2025-03-06T09:54:30Z,68,140,1,1.8,1,N,1,10.00,0.50,0.50,0.00,0.00,0.30,0.00,11.30
2,2025-03-08T04:25:00Z,2025-03-08T05:08:00Z,114,236,1,5.4,1,N,2,23.50,0.00,0.50,0.00,0.00,0.30,2.75,27.05
1,2025-03-08T17:09:00Z,2025-03-08T17:53:00Z,186,132,1,4.4,1,N,1,23.00,0.50,0.50,3.25,0.00,0.30,2.75,30.30
2,2025-03-31T14:58:15Z,2025-03-31T15:24:15Z,23,130,2,4.5,1,N,1,19.50,0.00,0.50,2.77,0.00,0.30,2.75,25.82
2,2025-03-18T16:22:45Z,2025-03-18T17:21:45Z,230,239,1,10.1,2,N,2,61.50,0.50,0.50,0.00,0.00,0.30,2.75,65.55
2,2025-03-26T13:51:15Z,2025-03-26T14:12:15Z,79,230,1,3.9,1,N,1,17.50,0.00,0.50,2.53,0.00,0.30,2.75,23.58
1,2025-03-16T19:20:15Z,2025-03-16T19:46:15Z,161,170,1,2.3,1,N,1,16.00,0.50,0.50,3.01,0.00,0.30,2.75,23.06
1,2025-03-31T23:29:30Z,2025-03-31T23:56:30Z,79,68,2,3.4,1,N,2,18.50,0.00,0.50,0.00,0.00,0.30,2.75,22.05
2,2025-03-09T17:35:15Z,2025-03-09T18:27:15Z,245,46,5,4.1,1,N,1,28.00,0.50,0.50,5.27,0.00,0.30,0.00,34.57
2,2025-03-08T08:54:00Z,2025-03-08T09:11:00Z,230,237,1,1.7,1,N,2,13.00,0.50,0.50,0.00,0.00,0.30,0.00,14.30
1,2025-03-13T17:37:45Z,2025-03-13T18:15:45Z,130,170,1,4.6,1,N,1,29.00,0.50,0.50,5.95,0.00,0.30,2.75,39.00
1,2025-03-08T18:11:30Z,2025-03-08T19:30:30Z,140,5,1,19.5,4,N,1,105.50,0.50,0.50,21.91,0.00,0.30,2.75,131.46
2,2025-03-11T13:44:30Z,2025-03-11T14:44:30Z,146,110,1,18.6,3,N,1,95.50,0.00,0.50,17.33,0.00,0.30,0.00,113.63
2,2025-03-07T21:26:45Z,2025-03-07T23:08:45Z,264,161,5,13.3,3,N,1,74.50,0.00,0.50,10.20,6.94,0.30,2.75,95.19
1,2025-03-27T03:30:45Z,2025-03-27T04:44:45Z,243,186,1,13.9,2,N,1,71.50,0.00,0.50,12.30,6.94,0.30,2.75,94.29
6,2025-03-13T08:32:45Z,2025-03-13T09:01:45Z,234,164,1,4.3,1,N,2,22.00,0.50,0.50,0.00,0.00,0.30,2.75,26.05
2,2025-03-25T16:31:45Z,2025-03-25T17:14:45Z,132,237,1,5.0,1,N,4,32.00,0.50,0.50,0.00,6.94,0.30,2.75,42.99
1,2025-03-25T20:18:00Z,2025-03-25T20:46:00Z,239,100,2,5.2,5,N,1,26.50,0.50,0.50,5.50,0.00,0.30,2.75,36.05
1,2025-03-23T23:56:00Z,2025-03-24T00:11:00Z,154,114,1,2.1,1,N,1,14.00,0.50,0.50,3.61,0.00,0.30,2.75,21.66
2,2025-03-05T08:33:45Z,2025-03-05T09:05:45Z,79,132,1,5.2,1,N,1,30.50,0.50,0.50,7.97,12.50,0.30,0.00,52.27
2,2025-03-25T17:32:15Z,2025-03-25T17:57:15Z,162,228,1,2.0,1,N,2,16.00,0.50,0.50,0.00,0.00,0.30,2.75,20.05
2,2025-03-05T00:26:00Z,2025-03-05T00:40:00Z,138,205,1,1.7,1,N,1,12.00,0.00,0.50,0.00,0.00,0.30,2.75,15.55
2,2025-03-17T13:33:15Z,2025-03-17T13:47:15Z,163,140,3,2.4,1,N,1,14.00,1.00,0.50,3.71,0.00,0.30,2.75,22.26
2,2025-03-27T08:33:15Z,2025-03-27T08:45:15Z,22,246,6,2.4,1,N,2,14.50,0.50,0.50,0.00,0.00,0.30,2.75,18.55
2,2025-03-24T15:01:30Z,2025-03-24T15:22:30Z,234,107,1,3.7,1,N,1,20.00,0.50,0.50,2.89,0.00,0.30,2.75,26.94
2,2025-03-09T07:23:15Z,2025-03-09T07:31:15Z,263,132,1,1.9,1,N,2,12.00,0.50,0.50,0.00,6.94,0.30,2.75,22.99
2,2025-03-29T11:53:45Z,2025-03-29T12:38:45Z,163,264,1,8.7,1,N,1,37.00,0.00,0.50,7.30,0.00,0.30,2.75,47.85
1,2025-03-28T10:02:00Z,2025-03-28T10:24:00Z,107,141,2,4.6,1,N,1,26.50,0.50,0.50,5.50,0.00,0.30,2.75,36.05
1,2025-03-25T18:53:30Z,2025-03-25T21:03:30Z,100,162,1,21.6,2,N,1,64.50,0.50,0.50,9.06,6.94,0.30,2.75,84.55
1,2025-03-14T19:18:30Z,2025-03-14T19:45:30Z,100,114,3,1.4,1,N,1,16.50,0.50,0.50,3.70,0.00,0.30,2.75,24.25
2,2025-03-18T16:01:15Z,2025-03-18T16:12:15Z,107,100,1,1.9,1,N,1,13.50,0.50,0.50,2.63,0.00,0.30,2.75,20.18
2,2025-03-26T18:40:45Z,2025-03-26T19:28:45Z,132,114,2,6.8,1,Y,2,43.50,0.50,0.50,0.00,6.94,0.30,2.75,54.49
2,2025-03-02T19:47:00Z,2025-03-02T20:58:00Z,164,107,1,8.4,1,N,1,44.00,0.50,0.50,8.65,0.00,0.30,2.75,56.70
2,2025-03-28T07:01:45Z,2025-03-28T07:37:45Z,114,107,1,6.9,1,N,1,34.50,0.50,0.50,7.71,0.00,0.30,2.75,46.26
2,2025-03-26T18:32:00Z,2025-03-26T18:52:00Z,107,141,1,1.1,1,N,1,11.00,0.50,0.50,2.26,0.00,0.30,2.75,17.31
2,2025-03-29T18:42:15Z,2025-03-29T19:45:15Z,48,79,1,9.7,1,N,1,42.50,0.50,0.50,9.31,0.00,0.30,2.75,55.86
2,2025-03-15T09:06:00Z,2025-03-15T10:20:00Z,138,163,2,13.0,2,N,1,67.50,0.50,0.50,14.31,0.00,0.30,2.75,85.86
6,2025-03-09T09:19:00Z,2025-03-09T09:44:00Z,27,132,1,2.3,1,N,1,14.50,0.50,0.50,2.84,0.00,0.30,0.00,18.64
2,2025-03-13T19:49:30Z,2025-03-13T20:53:30Z,68,140,2,9.6,1,N,1,55.00,0.50,0.50,11.81,0.00,0.30,2.75,70.86
2,2025-03-08T19:27:45Z,2025-03-08T19:51:45Z,170,263,5,3.8,1,N,1,21.00,0.50,0.50,5.01,0.00,0.30,2.75,30.06
1,2025-03-22T07:28:00Z,2025-03-22T08:08:00Z,142,186,1,2.7,1,N,2,18.50,0.50,0.50,0.00,0.00,0.30,2.75,22.55
1,2025-03-18T09:27:15Z,2025-03-18T10:03:15Z,163,130,1,4.6,1,N,1,30.50,0.50,0.50,6.22,0.00,0.30,2.75,40.77
2,2025-03-15T00:00:00Z,2025-03-15T00:12:00Z,164,51,1,1.1,1,N,1,10.00,0.50,0.50,2.53,0.00,0.30,2.75,16.58
1,2025-03-23T14:28:00Z,2025-03-23T15:00:00Z,138,162,6,4.9,1,N,1,26.00,0.00,0.50,5.91,0.00,0.30,2.75,35.46
1,2025-03-14T13:04:00Z,2025-03-14T13:17:00Z,17,140,1,1.0,1,N,1,8.00,1.00,0.50,3.14,0.00,0.30,2.75,15.69
2,2025-03-18T08:26:15Z,2025-03-18T08:42:15Z,114,230,2,2.1,1,N,2,13.00,0.50,0.50,0.00,0.00,0.30,2.75,17.05
1,2025-03-30T12:56:00Z,2025-03-30T13:32:00Z,140,142,2,5.5,1,N,1,28.50,0.00,0.50,3.85,0.00,0.30,2.75,35.90
2,2025-03-06T14:28:15Z,2025-03-06T15:16:15Z,166,239,1,5.8,1,N,1,34.50,1.00,0.50,7.81,0.00,0.30,2.75,46.86
1,2025-03-09T20:25:15Z,2025-03-09T20:35:15Z,162,186,1,1.5,1,N,1,10.00,0.50,0.50,2.11,0.00,0.30,2.75,16.16
2,2025-03-04T09:50:30Z,2025-03-04T10:11:30Z,5,100,1,3.0,1,N,1,17.00,0.50,0.50,3.79,0.00,0.30,2.75,24.84
2,2025-03-02T06:44:30Z,2025-03-02T07:19:30Z,129,48,1,4.0,1,N,1,24.00,0.50,0.50,3.37,0.00,0.30,2.75,31.42
1,2025-03-20T17:40:30Z,2025-03-20T18:05:30Z,114,74,1,4.9,1,N,1,23.50,0.50,0.50,0.00,0.00,0.30,2.75,27.55
2,2025-03-06T08:11:30Z,2025-03-06T08:28:30Z,170,71,1,0.9,1,N,2,8.50,0.50,0.50,0.00,0.00,0.30,2.75,12.55
1,2025-03-09T10:37:30Z,2025-03-09T10:43:30Z,73,140,1,0.8,1,N,1,6.50,0.00,0.50,2.51,0.00,0.30,2.75,12.56
1,2025-03-24T16:02:00Z,2025-03-24T16:51:00Z,114,239,1,5.9,1,N,1,32.50,0.50,0.50,6.58,0.00,0.30,2.75,43.13
2,2025-03-11T07:19:00Z,2025-03-11T07:46:00Z,163,234,1,3.5,1,N,1,19.50,0.50,0.50,4.24,0.00,0.30,2.75,27.79
1,2025-03-21T20:52:00Z,2025-03-21T21:02:00Z,183,263,1,2.2,1,N,1,13.00,0.50,0.50,2.15,0.00,0.30,0.00,16.45
2,2025-03-08T20:32:00Z,2025-03-08T20:56:00Z,162,100,1,5.0,1,N,1,29.00,0.50,0.50,6.61,0.00,0.30,2.75,39.66
2,2025-03-22T08:13:30Z,2025-03-22T10:03:30Z,68,128,2,20.8,2,N,1,55.50,0.50,0.50,7.15,0.00,0.30,2.75,66.70
6,2025-03-15T20:44:15Z,2025-03-15T20:59:15Z,147,170,2,3.9,1,N,1,20.00,0.50,0.50,3.61,0.00,0.30,2.75,27.66
2,2025-03-16T16:15:30Z,2025-03-16T16:34:30Z,162,79,3,1.8,1,N,1,11.50,0.50,0.50,2.33,0.00,0.30,2.75,17.88
1,2025-03-05T12:30:45Z,2025-03-05T12:51:45Z,48,10,3,4.1,1,N,1,20.50,1.00,0.50,3.76,0.00,0.30,2.75,28.81
2,2025-03-25T10:49:15Z,2025-03-25T11:07:15Z,85,132,1,1.6,1,N,1,12.50,0.50,0.50,4.23,6.94,0.30,2.75,27.72
1,2025-03-10T00:25:30Z,2025-03-10T00:47:30Z,230,100,3,3.4,1,N,1,20.00,0.00,0.50,4.24,0.00,0.30,2.75,27.79
1,2025-03-02T07:24:00Z,2025-03-02T07:40:00Z,107,100,2,2.5,1,N,1,14.50,0.50,0.50,4.64,0.00,0.30,2.75,23.19
1,2025-03-09T15:06:00Z,2025-03-09T15:26:00Z,223,161,1,5.2,1,N,1,22.00,0.00,0.50,4.56,0.00,0.30,0.00,27.36
2,2025-03-02T07:35:15Z,2025-03-02T07:50:15Z,21,140,4,2.0,1,N,1,15.50,0.50,0.50,2.93,0.00,0.30,2.75,22.48
6,2025-03-14T05:30:30Z,2025-03-14T05:51:30Z,196,170,1,5.5,1,N,2,23.50,0.00,0.50,0.00,0.00,0.30,2.75,27.05
6,2025-03-19T17:59:00Z,2025-03-19T18:09:00Z,46,141,1,1.6,1,N,2,10.50,0.50,0.50,0.00,0.00,0.30,2.75,14.55
2,2025-03-20T08:27:15Z,2025-03-20T09:01:15Z,68,142,1,5.1,1,N,2,25.50,0.50,0.50,0.00,0.00,0.30,2.75,29.55
2,2025-03-02T06:15:00Z,2025-03-02T06:34:00Z,230,68,1,2.5,1,N,1,16.00,0.50,0.50,0.00,0.00,0.30,2.75,20.05
2,2025-03-05T17:18:15Z,2025-03-05T17:51:15Z,79,186,1,3.1,1,N,1,19.50,0.50,0.50,5.89,0.00,0.30,2.75,29.44
1,2025-03-23T18:27:15Z,2025-03-23T18:48:15Z,140,95,2,3.1,1,N,1,18.00,0.50,0.50,3.97,0.00,0.30,2.75,26.02
1,2025-03-01T14:42:00Z,2025-03-01T15:10:00Z,230,234,3,6.7,1,N,1,30.50,0.00,0.50,7.83,0.00,0.30,0.00,39.13
2,2025-03-14T13:38:00Z,2025-03-14T14:06:00Z,48,161,6,3.9,1,N,1,18.50,0.00,0.50,3.97,0.00,0.30,2.75,26.02
1,2025-03-10T00:17:15Z,2025-03-10T00:55:15Z,236,237,1,6.8,1,N,4,34.00,0.00,0.50,0.00,0.00,0.30,2.75,37.55
1,2025-03-08T11:01:00Z,2025-03-08T11:42:00Z,100,236,5,9.6,3,N,2,72.00,0.00,0.50,0.00,0.00,0.30,2.75,75.55
1,2025-03-25T14:15:00Z,2025-03-25T14:24:00Z,132,125,1,2.2,1,N,1,13.00,0.00,0.50,2.98,0.00,0.30,2.75,19.53
1,2025-03-26T14:46:45Z,2025-03-26T15:32:45Z,236,263,1,4.8,1,N,1,29.50,0.00,0.50,4.96,0.00,0.30,2.75,38.01
2,2025-03-22T17:57:45Z,2025-03-22T19:44:45Z,170,68,4,14.9,2,N,2,52.50,0.50,0.50,0.00,0.00,0.30,2.75,56.55
2,2025-03-29T18:53:15Z,2025-03-29T19:08:15Z,107,234,1,1.8,1,N,1,13.00,0.50,0.50,2.56,0.00,0.30,2.75,19.61
2,2025-03-15T13:59:00Z,2025-03-15T14:06:00Z,114,163,1,1.1,1,N,2,8.00,0.00,0.50,0.00,0.00,0.30,2.75,11.55
1,2025-03-27T14:58:00Z,2025-03-27T15:25:00Z,163,164,3,4.1,1,N,1,18.00,0.00,0.50,4.31,0.00,0.30,2.75,25.86
1,2025-03-20T07:34:00Z,2025-03-20T08:22:00Z,194,163,1,11.3,3,N,2,78.00,0.50,0.50,0.00,0.00,0.30,2.75,82.05
2,2025-03-10T11:59:00Z,2025-03-10T12:21:00Z,163,140,1,4.7,1,N,2,23.00,0.00,0.50,0.00,0.00,0.30,2.75,26.55
1,2025-03-06T16:53:00Z,2025-03-06T18:11:00Z,138,239,1,7.9,1,N,2,53.00,0.50,0.50,0.00,6.94,0.30,2.75,63.99
1,2025-03-07T07:14:30Z,2025-03-07T07:49:30Z,237,138,1,4.3,1,N,2,24.00,0.50,0.50,0.00,0.00,0.30,2.75,28.05
2,2025-03-02T17:11:45Z,2025-03-02T17:41:45Z,132,79,1,5.8,1,N,1,34.00,0.50,0.50,7.61,0.00,0.30,2.75,45.66
2,2025-03-12T18:13:00Z,2025-03-12T18:34:00Z,263,170,1,3.0,1,N,1,19.00,0.50,0.50,3.04,0.00,0.30,0.00,23.34
2,2025-03-22T16:58:00Z,2025-03-22T17:19:00Z,237,138,2,2.8,5,N,1,19.00,0.50,0.50,4.15,0.00,0.30,2.75,27.20
2,2025-03-14T17:51:45Z,2025-03-14T18:03:45Z,138,13,1,1.9,1,N,1,11.50,0.50,0.50,1.87,0.00,0.30,2.75,17.42
2,2025-03-28T07:52:45Z,2025-03-28T08:31:45Z,164,160,1,7.4,1,N,1,38.50,0.50,0.50,8.51,0.00,0.30,2.75,51.06
1,2025-03-23T18:13:00Z,2025-03-23T18:31:00Z,140,133,1,1.1,1,N,1,12.50,0.50,0.50,2.48,0.00,0.30,2.75,19.03
2,2025-03-17T07:06:00Z,2025-03-17T07:36:00Z,230,234,2,2.9,1,N,1,16.00,0.50,0.50,5.01,0.00,0.30,2.75,25.06
2,2025-03-08T22:58:00Z,2025-03-08T23:26:00Z,234,246,3,4.0,1,N,1,22.50,0.00,0.50,3.91,0.00,0.30,2.75,29.96
2,2025-03-21T07:00:15Z,2025-03-21T07:32:15Z,74,237,5,5.1,1,N,1,28.00,0.50,0.50,6.41,0.00,0.30,2.75,38.46
2,2025-03-09T20:04:00Z,2025-03-09T21:10:00Z,264,48,1,16.5,1,N,1,63.00,0.50,0.50,13.41,0.00,0.30,2.75,80.46
1,2025-03-05T12:55:30Z,2025-03-05T13:06:30Z,142,68,2,2.3,1,N,1,11.50,0.50,0.50,3.11,0.00,0.30,2.75,18.66
2,2025-03-13T14:49:45Z,2025-03-13T15:16:45Z,219,141,1,5.7,1,N,1,31.00,0.00,0.50,5.18,0.00,0.30,2.75,39.73
1,2025-03-13T19:49:30Z,2025-03-13T20:20:30Z,264,132,6,4.2,1,N,2,25.00,0.50,0.50,0.00,0.00,0.30,2.75,29.05
1,2025-03-30T10:27:30Z,2025-03-30T10:45:30Z,59,75,1,2.5,1,N,1,16.00,0.50,0.50,4.33,0.00,0.30,0.00,21.63
1,2025-03-28T00:06:00Z,2025-03-28T00:22:00Z,31,237,1,2.0,1,N,2,12.00,0.00,0.50,0.00,0.00,0.30,2.75,15.55
1,2025-03-10T05:15:00Z,2025-03-10T05:29:00Z,79,141,1,1.9,1,N,1,10.50,0.00,0.50,1.69,0.00,0.30,2.75,15.74
1,2025-03-13T15:20:15Z,2025-03-13T16:11:15Z,107,246,1,9.9,1,N,1,50.00,0.00,0.50,9.64,0.00,0.30,2.75,63.19
2,2025-03-04T12:59:15Z,2025-03-04T13:25:15Z,230,100,2,6.7,5,N,1,42.50,0.50,0.50,6.98,0.00,0.30,2.75,53.53
2,2025-03-18T08:12:00Z,2025-03-18T09:01:00Z,186,162,1,6.0,1,N,1,30.50,0.50,0.50,6.22,0.00,0.30,2.75,40.77
2,2025-03-18T04:43:00Z,2025-03-18T05:30:00Z,263,140,1,6.3,1,N,1,33.50,0.00,0.50,6.67,0.00,0.30,2.75,43.72
2,2025-03-09T10:40:00Z,2025-03-09T11:00:00Z,219,162,2,2.9,1,N,1,15.50,0.00,0.50,3.81,0.00,0.30,2.75,22.86
1,2025-03-25T07:56:30Z,2025-03-25T08:17:30Z,236,237,1,2.2,1,N,1,14.50,0.50,0.50,3.71,0.00,0.30,2.75,22.26
2,2025-03-22T13:30:00Z,2025-03-22T13:49:00Z,100,141,3,2.4,1,N,2,14.50,0.00,0.50,0.00,0.00,0.30,2.75,18.05
1,2025-03-24T17:33:00Z,2025-03-24T18:11:00Z,164,195,2,5.3,1,N,1,29.00,0.50,0.50,6.61,0.00,0.30,2.75,39.66
2,2025-03-08T23:45:00Z,2025-03-08T23:59:00Z,170,114,1,4.3,1,N,1,19.50,0.00,0.50,2.77,0.00,0.30,2.75,25.82
2,2025-03-01T02:02:00Z,2025-03-01T02:16:00Z,234,105,1,2.5,1,N,1,13.00,0.00,0.50,2.98,0.00,0.30,2.75,19.53
1,2025-03-19T06:16:15Z,2025-03-19T06:24:15Z,123,236,3,1.2,1,N,1,8.50,0.50,0.50,1.88,0.00,0.30,2.75,14.43
2,2025-03-29T16:10:45Z,2025-03-29T16:48:45Z,138,68,1,3.4,1,N,2,23.00,0.50,0.50,0.00,0.00,0.30,2.75,27.05
2,2025-03-07T19:31:00Z,2025-03-07T19:43:00Z,162,234,2,2.4,1,N,2,13.50,0.50,0.50,0.00,0.00,0.30,2.75,17.55
1,2025-03-02T15:38:30Z,2025-03-02T17:39:30Z,68,89,1,21.0,1,N,2,87.50,0.50,0.50,0.00,0.00,0.30,2.75,91.55
1,2025-03-22T05:47:00Z,2025-03-22T06:10:00Z,234,68,1,5.5,1,N,1,23.00,0.50,0.50,4.87,0.00,0.30,2.75,31.92
2,2025-03-25T14:44:00Z,2025-03-25T15:20:00Z,46,186,3,8.2,2,N,2,56.50,0.00,0.50,0.00,0.00,0.30,2.75,60.05
2,2025-03-05T06:37:00Z,2025-03-05T07:07:00Z,186,263,1,5.9,1,Y,1,31.50,0.50,0.50,7.11,0.00,0.30,2.75,42.66
2,2025-03-05T17:34:00Z,2025-03-05T17:57:00Z,130,263,1,5.6,1,N,2,25.00,0.50,0.50,0.00,0.00,0.30,2.75,29.05
2,2025-03-23T15:36:45Z,2025-03-23T16:26:45Z,239,114,1,11.1,1,Y,2,49.50,0.00,0.50,0.00,0.00,0.30,2.75,53.05
2,2025-03-18T07:20:00Z,2025-03-18T07:52:00Z,164,161,1,8.0,1,N,1,32.50,0.50,0.50,4.06,0.00,0.30,0.00,37.86
1,2025-03-15T07:49:15Z,2025-03-15T08:49:15Z,186,180,1,7.9,1,N,1,39.50,0.50,0.50,7.84,0.00,0.30,2.75,51.39
1,2025-03-25T04:45:30Z,2025-03-25T05:15:30Z,48,246,1,7.8,1,N,1,32.50,0.00,0.50,6.49,0.00,0.30,2.75,42.54
1,2025-03-13T19:02:15Z,2025-03-13T20:05:15Z,239,161,1,9.7,4,N,1,57.00,0.50,0.50,10.49,0.00,0.30,0.00,68.79
2,2025-03-01T21:51:00Z,2025-03-01T22:17:00Z,246,48,4,7.6,1,N,1,33.00,0.00,0.50,6.58,0.00,0.30,2.75,43.13
1,2025-03-29T13:49:15Z,2025-03-29T14:04:15Z,163,113,2,1.4,1,N,1,13.00,0.00,0.50,3.31,0.00,0.30,2.75,19.86
2,2025-03-17T08:47:00Z,2025-03-17T09:23:00Z,220,234,2,6.2,1,N,2,25.50,0.50,0.50,0.00,0.00,0.30,2.75,29.55
1,2025-03-15T14:33:15Z,2025-03-15T14:46:15Z,263,68,1,2.7,1,N,1,14.50,0.00,0.50,3.61,0.00,0.30,2.75,21.66
2,2025-03-26T10:51:00Z,2025-03-26T11:47:00Z,236,161,2,12.7,1,N,1,59.50,0.00,0.50,11.33,12.50,0.30,2.75,86.88
2,2025-03-21T19:22:45Z,2025-03-21T19:42:45Z,68,57,2,2.3,1,N,2,15.00,0.50,0.50,0.00,0.00,0.30,0.00,16.30
2,2025-03-04T10:21:00Z,2025-03-04T11:04:00Z,162,252,1,8.6,1,N,1,46.00,0.00,0.50,7.43,0.00,0.30,2.75,56.98
2,2025-03-01T09:55:00Z,2025-03-01T10:29:00Z,195,177,1,3.2,1,N,1,23.50,0.50,0.50,3.72,0.00,0.30,0.00,28.52
2,2025-03-25T13:02:30Z,2025-03-25T13:17:30Z,164,186,1,2.0,1,N,1,13.50,0.00,0.50,2.05,0.00,0.30,2.75,19.10
2,2025-03-15T08:28:00Z,2025-03-15T09:13:00Z,234,263,6,6.3,1,N,1,33.00,0.50,0.50,6.67,0.00,0.30,2.75,43.72
1,2025-03-26T17:25:00Z,2025-03-26T18:20:00Z,124,162,1,12.5,1,N,1,46.00,0.50,0.50,11.40,6.94,0.30,2.75,68.39
2,2025-03-18T07:52:00Z,2025-03-18T08:46:00Z,111,162,2,8.4,1,N,1,45.00,0.50,0.50,8.83,0.00,0.30,2.75,57.88
2,2025-03-02T07:38:00Z,2025-03-02T08:07:00Z,141,140,1,3.4,1,N,1,20.00,0.50,0.50,0.00,0.00,0.30,2.75,24.05
2,2025-03-10T17:12:00Z,2025-03-10T18:37:00Z,264,237,2,16.2,1,N,1,70.50,0.50,0.50,13.42,0.00,0.30,2.75,87.97
1,2025-03-31T17:29:30Z,2025-03-31T19:08:30Z,239,234,4,18.4,3,N,2,95.00,0.50,0.50,0.00,0.00,0.30,2.75,99.05
2,2025-03-13T16:04:00Z,2025-03-13T16:45:00Z,100,246,2,3.8,1,N,1,23.00,0.50,0.50,0.00,0.00,0.30,2.75,27.05
1,2025-03-09T10:00:00Z,2025-03-09T10:29:00Z,107,161,2,5.7,1,N,2,28.50,0.00,0.50,0.00,0.00,0.30,2.75,32.05
1,2025-03-08T17:03:00Z,2025-03-08T17:43:00Z,186,142,2,4.5,1,N,1,27.00,0.50,0.50,5.59,0.00,0.30,2.75,36.64
1,2025-03-15T08:03:00Z,2025-03-15T08:35:00Z,141,138,1,4.2,1,N,1,23.50,0.50,0.50,6.21,6.94,0.30,2.75,40.70
2,2025-03-24T18:26:00Z,2025-03-24T19:20:00Z,132,162,1,7.5,1,N,1,40.00,0.50,0.50,6.61,0.00,0.30,2.75,50.66
2,2025-03-03T09:45:00Z,2025-03-03T11:55:00Z,186,15,5,19.7,2,N,1,64.00,0.50,0.50,13.61,0.00,0.30,2.75,81.66
1,2025-03-25T06:16:45Z,2025-03-25T06:39:45Z,170,141,1,4.7,1,N,1,23.50,0.50,0.50,5.51,0.00,0.30,2.75,33.06
2,2025-03-17T15:48:00Z,2025-03-17T16:34:00Z,230,226,1,8.7,1,N,1,38.00,0.50,0.50,8.41,0.00,0.30,2.75,50.46
1,2025-03-27T23:10:45Z,2025-03-28T00:36:45Z,142,264,2,14.9,2,N,2,59.00,0.00,0.50,0.00,0.00,0.30,2.75,62.55
2,2025-03-25T06:19:00Z,2025-03-25T07:02:00Z,68,161,1,8.1,1,N,1,36.00,0.50,0.50,6.71,0.00,0.30,0.00,44.01
1,2025-03-17T20:59:00Z,2025-03-17T21:06:00Z,48,114,1,1.3,1,N,1,9.00,0.50,0.50,1.57,0.00,0.30,2.75,14.62
2,2025-03-31T18:38:00Z,2025-03-31T20:14:00Z,237,26,1,15.2,2,N,1,54.00,0.50,0.50,13.00,6.94,0.30,2.75,77.99
1,2025-03-31T12:03:15Z,2025-03-31T12:24:15Z,100,164,1,4.6,1,N,2,23.50,0.00,0.50,0.00,0.00,0.30,2.75,27.05
6,2025-03-18T20:50:00Z,2025-03-18T21:03:00Z,236,48,1,0.8,1,N,1,9.50,0.50,0.50,2.44,0.00,0.30,2.75,15.99
6,2025-03-27T06:38:15Z,2025-03-27T06:58:15Z,141,164,1,4.5,1,N,2,20.50,0.50,0.50,0.00,0.00,0.30,2.75,24.55
2,2025-03-28T17:37:45Z,2025-03-28T18:04:45Z,263,236,1,3.9,1,N,3,19.50,0.50,0.50,0.00,0.00,0.30,2.75,23.55
2,2025-03-23T08:58:00Z,2025-03-23T10:50:00Z,263,159,1,13.8,1,N,2,74.50,0.50,0.50,0.00,0.00,0.30,2.75,78.55
2,2025-03-11T17:57:00Z,2025-03-11T18:11:00Z,112,140,4,2.2,1,N,2,13.50,0.50,0.50,0.00,0.00,0.30,2.75,17.55
2,2025-03-06T11:56:00Z,2025-03-06T12:30:00Z,92,55,3,8.5,2,N,2,65.00,0.00,0.50,0.00,0.00,0.30,0.00,65.80
2,2025-03-09T06:13:45Z,2025-03-09T06:57:45Z,162,263,1,8.9,1,N,1,45.50,0.50,0.50,8.92,0.00,0.30,2.75,58.47
2,2025-03-22T10:56:30Z,2025-03-22T11:11:30Z,107,56,1,3.4,1,N,2,20.50,0.00,0.50,0.00,0.00,0.30,2.75,24.05
2,2025-03-03T20:13:30Z,2025-03-03T20:47:30Z,162,236,4,5.1,1,N,1,27.50,0.50,0.50,6.31,0.00,0.30,2.75,37.86
1,2025-03-17T20:53:45Z,2025-03-17T21:03:45Z,170,236,2,1.4,1,N,2,9.00,0.50,0.50,0.00,0.00,0.30,0.00,10.30
6,2025-03-28T20:09:45Z,2025-03-28T20:20:45Z,132,246,1,2.8,1,N,1,15.00,0.50,0.50,4.76,0.00,0.30,2.75,23.81
1,2025-03-01T16:36:00Z,2025-03-01T17:17:00Z,240,164,1,5.9,1,N,1,32.50,0.50,0.50,6.58,0.00,0.30,2.75,43.13
1,2025-03-03T17:52:00Z,2025-03-03T18:36:00Z,239,230,1,5.8,1,N,1,34.50,0.50,0.50,6.94,0.00,0.30,2.75,45.49
2,2025-03-03T16:05:00Z,2025-03-03T16:15:00Z,162,164,1,1.2,1,N,1,9.50,0.50,0.50,2.44,0.00,0.30,2.75,15.99
2,2025-03-07T19:43:30Z,2025-03-07T19:56:30Z,196,107,1,2.6,1,N,1,14.00,0.50,0.50,2.17,0.00,0.30,2.75,20.22
1,2025-03-11T11:28:00Z,2025-03-11T12:08:00Z,68,79,2,10.5,1,N,2,48.00,0.00,0.50,0.00,0.00,0.30,0.00,48.80
